"Date","Price","Open","High","Low","Vol.","Change %"
"02/08/2018","2,581.00","2,685.00","2,685.30","2,580.60","","-3.76%"
"02/07/2018","2,681.70","2,690.90","2,727.70","2,681.30","","-0.50%"
"02/06/2018","2,695.10","2,614.80","2,701.00","2,593.10","","1.74%"
"02/05/2018","2,648.90","2,741.10","2,763.40","2,638.20","","-4.10%"
"02/02/2018","2,762.10","2,808.90","2,808.90","2,760.00","","-2.12%"
"02/01/2018","2,822.00","2,816.40","2,836.00","2,812.70","","-0.06%"
"01/31/2018","2,823.80","2,832.40","2,839.30","2,813.00","","0.05%"
"01/30/2018","2,822.40","2,832.70","2,837.80","2,818.30","","-1.09%"
"01/29/2018","2,853.50","2,867.20","2,870.60","2,851.50","","-0.68%"
"01/26/2018","2,872.90","2,847.50","2,872.90","2,846.20","","1.19%"
"01/25/2018","2,839.20","2,846.20","2,848.60","2,830.90","","0.06%"
"01/24/2018","2,837.50","2,845.40","2,853.00","2,824.80","","-0.06%"
"01/23/2018","2,839.10","2,835.10","2,842.20","2,830.60","","0.22%"
"01/22/2018","2,833.00","2,809.20","2,833.00","2,808.10","","0.81%"
"01/19/2018","2,810.30","2,802.60","2,810.30","2,798.10","","0.44%"
"01/18/2018","2,798.00","2,802.40","2,805.80","2,792.60","","-0.16%"
"01/17/2018","2,802.60","2,785.00","2,807.00","2,778.40","","0.94%"
"01/16/2018","2,776.40","2,799.00","2,807.50","2,768.60","","-0.35%"
"01/12/2018","2,786.20","2,770.20","2,787.80","2,769.60","","0.67%"
"01/11/2018","2,767.60","2,753.00","2,767.60","2,752.80","","0.71%"
"01/10/2018","2,748.20","2,745.60","2,750.80","2,736.10","","-0.11%"
"01/09/2018","2,751.30","2,751.20","2,759.10","2,747.90","","0.13%"
"01/08/2018","2,747.70","2,742.70","2,748.50","2,737.60","","0.16%"
"01/05/2018","2,743.20","2,731.30","2,743.40","2,727.90","","0.70%"
"01/04/2018","2,724.00","2,719.30","2,729.30","2,719.10","","0.40%"
"01/03/2018","2,713.10","2,697.80","2,714.40","2,697.80","","0.64%"
"01/02/2018","2,695.80","2,683.70","2,695.90","2,682.40","","0.83%"
"12/29/2017","2,673.60","2,689.20","2,692.10","2,673.60","","-0.52%"
"12/28/2017","2,687.50","2,686.10","2,687.70","2,682.70","","0.18%"
"12/27/2017","2,682.60","2,682.10","2,685.60","2,678.90","","0.08%"
"12/26/2017","2,680.50","2,679.10","2,682.70","2,678.00","","-0.10%"
"12/22/2017","2,683.30","2,684.20","2,685.30","2,678.10","","-0.05%"
"12/21/2017","2,684.60","2,683.00","2,692.60","2,682.40","","0.20%"
"12/20/2017","2,679.20","2,688.20","2,691.00","2,676.10","","-0.09%"
"12/19/2017","2,681.50","2,692.70","2,694.40","2,680.70","","-0.32%"
"12/18/2017","2,690.20","2,685.90","2,695.00","2,685.90","","0.54%"
"12/15/2017","2,675.80","2,660.60","2,679.60","2,659.10","","0.90%"
"12/14/2017","2,652.00","2,665.90","2,668.10","2,652.00","","-0.41%"
"12/13/2017","2,662.80","2,667.60","2,671.90","2,662.80","","-0.05%"
"12/12/2017","2,664.10","2,661.70","2,669.70","2,659.80","","0.15%"
"12/11/2017","2,660.00","2,652.20","2,660.30","2,651.50","","0.32%"
"12/08/2017","2,651.50","2,646.20","2,651.70","2,644.10","","0.55%"
"12/07/2017","2,637.00","2,628.40","2,641.00","2,626.50","","0.29%"
"12/06/2017","2,629.30","2,626.20","2,634.40","2,624.80","","-0.01%"
"12/05/2017","2,629.60","2,639.80","2,648.70","2,627.70","","-0.37%"
"12/04/2017","2,639.40","2,657.20","2,665.20","2,639.00","","-0.11%"
"12/01/2017","2,642.20","2,645.10","2,650.60","2,605.50","","-0.20%"
"11/30/2017","2,647.60","2,633.90","2,657.70","2,633.90","","0.82%"
"11/29/2017","2,626.10","2,627.80","2,634.90","2,620.30","","-0.03%"
"11/28/2017","2,627.00","2,605.90","2,627.70","2,605.40","","0.98%"
"11/27/2017","2,601.40","2,602.70","2,606.40","2,598.90","","-0.04%"
"11/24/2017","2,602.40","2,600.40","2,604.20","2,600.40","","0.20%"
"11/22/2017","2,597.10","2,600.30","2,600.90","2,595.20","","-0.07%"
"11/21/2017","2,599.00","2,589.20","2,601.20","2,589.20","","0.65%"
"11/20/2017","2,582.10","2,579.50","2,584.60","2,578.20","","0.13%"
"11/17/2017","2,578.80","2,582.90","2,584.00","2,577.60","","-0.26%"
"11/16/2017","2,585.60","2,572.90","2,590.10","2,572.90","","0.82%"
"11/15/2017","2,564.60","2,569.40","2,572.80","2,557.40","","-0.55%"
"11/14/2017","2,578.90","2,577.80","2,579.70","2,566.60","","-0.23%"
"11/13/2017","2,584.80","2,576.50","2,587.70","2,574.50","","0.10%"
"11/10/2017","2,582.30","2,580.20","2,583.80","2,575.60","","-0.09%"
"11/09/2017","2,584.60","2,584.00","2,586.50","2,566.30","","-0.38%"
"11/08/2017","2,594.40","2,588.70","2,595.50","2,585.00","","0.15%"
"11/07/2017","2,590.60","2,592.10","2,597.00","2,584.30","","-0.02%"
"11/06/2017","2,591.10","2,587.50","2,593.40","2,585.70","","0.13%"
"11/03/2017","2,587.80","2,581.90","2,588.40","2,576.80","","0.31%"
"11/02/2017","2,579.80","2,579.50","2,581.10","2,566.20","","0.02%"
"11/01/2017","2,579.40","2,583.20","2,588.40","2,574.90","","0.16%"
"10/31/2017","2,575.30","2,576.00","2,578.30","2,572.20","","0.10%"
"10/30/2017","2,572.80","2,577.80","2,580.00","2,568.20","","-0.32%"
"10/27/2017","2,581.10","2,570.30","2,583.00","2,565.90","","0.81%"
"10/26/2017","2,560.40","2,560.10","2,567.10","2,559.80","","0.13%"
"10/25/2017","2,557.20","2,566.50","2,567.40","2,544.00","","-0.46%"
"10/24/2017","2,569.10","2,568.70","2,572.20","2,565.60","","0.16%"
"10/23/2017","2,565.00","2,578.10","2,578.30","2,564.30","","-0.40%"
"10/20/2017","2,575.20","2,567.60","2,575.40","2,567.60","","0.51%"
"10/19/2017","2,562.10","2,553.40","2,562.40","2,547.90","","0.03%"
"10/18/2017","2,561.30","2,562.90","2,564.10","2,559.70","","0.07%"
"10/17/2017","2,559.40","2,557.20","2,559.70","2,554.70","","0.07%"
"10/16/2017","2,557.60","2,555.60","2,559.50","2,552.60","","0.17%"
"10/13/2017","2,553.20","2,555.70","2,557.70","2,552.10","","0.09%"
"10/12/2017","2,550.90","2,552.90","2,555.30","2,548.30","","-0.17%"
"10/11/2017","2,555.20","2,550.60","2,555.20","2,547.90","","0.18%"
"10/10/2017","2,550.60","2,550.00","2,555.20","2,544.90","","0.23%"
"10/09/2017","2,544.70","2,551.40","2,551.80","2,541.60","","-0.18%"
"10/06/2017","2,549.30","2,547.40","2,549.40","2,543.80","","-0.11%"
"10/05/2017","2,552.10","2,540.90","2,552.50","2,540.00","","0.57%"
"10/04/2017","2,537.70","2,533.50","2,540.50","2,531.80","","0.12%"
"10/03/2017","2,534.60","2,530.30","2,535.10","2,528.80","","0.22%"
"10/02/2017","2,529.10","2,521.20","2,529.20","2,520.40","","0.39%"
"09/29/2017","2,519.40","2,510.00","2,519.40","2,508.00","","0.37%"
"09/28/2017","2,510.10","2,503.40","2,510.80","2,502.90","","0.12%"
"09/27/2017","2,507.00","2,503.30","2,511.80","2,495.90","","0.41%"
"09/26/2017","2,496.80","2,501.00","2,503.50","2,495.10","","0.00%"
"09/25/2017","2,496.70","2,499.40","2,502.50","2,488.00","","-0.22%"
"09/22/2017","2,502.20","2,497.30","2,503.50","2,496.50","","0.06%"
"09/21/2017","2,500.60","2,507.20","2,507.20","2,499.00","","-0.30%"
"09/20/2017","2,508.20","2,506.80","2,508.80","2,496.70","","0.06%"
"09/19/2017","2,506.70","2,506.30","2,507.80","2,503.20","","0.11%"
"09/18/2017","2,503.90","2,502.50","2,508.30","2,499.90","","0.15%"
"09/15/2017","2,500.20","2,495.70","2,500.20","2,493.20","","0.18%"
"09/14/2017","2,495.60","2,494.60","2,498.40","2,491.30","","-0.11%"
"09/13/2017","2,498.40","2,493.90","2,498.40","2,492.10","","0.08%"
"09/12/2017","2,496.50","2,491.90","2,496.80","2,490.40","","0.34%"
"09/11/2017","2,488.10","2,474.50","2,488.90","2,474.50","","1.08%"
"09/08/2017","2,461.40","2,462.20","2,467.10","2,459.40","","-0.15%"
"09/07/2017","2,465.10","2,468.10","2,468.60","2,460.30","","-0.02%"
"09/06/2017","2,465.50","2,463.80","2,469.60","2,459.20","","0.31%"
"09/05/2017","2,457.80","2,470.30","2,472.00","2,446.60","","-0.76%"
"09/01/2017","2,476.60","2,474.40","2,480.40","2,473.80","","0.20%"
"08/31/2017","2,471.70","2,462.70","2,475.00","2,462.70","","0.57%"
"08/30/2017","2,457.60","2,446.10","2,460.30","2,443.80","","0.46%"
"08/29/2017","2,446.30","2,431.90","2,449.20","2,428.20","","0.09%"
"08/28/2017","2,444.20","2,447.30","2,449.10","2,439.00","","0.05%"
"08/25/2017","2,443.10","2,444.70","2,454.00","2,442.20","","0.17%"
"08/24/2017","2,439.00","2,447.90","2,450.40","2,436.20","","-0.20%"
"08/23/2017","2,444.00","2,444.90","2,448.90","2,441.40","","-0.35%"
"08/22/2017","2,452.50","2,433.80","2,454.80","2,433.70","","0.99%"
"08/21/2017","2,428.40","2,425.50","2,430.60","2,417.30","","0.12%"
"08/18/2017","2,425.60","2,427.60","2,440.30","2,420.70","","-0.18%"
"08/17/2017","2,430.00","2,462.90","2,465.00","2,430.00","","-1.54%"
"08/16/2017","2,468.10","2,468.60","2,474.90","2,463.90","","0.14%"
"08/15/2017","2,464.60","2,468.70","2,468.90","2,461.60","","-0.05%"
"08/14/2017","2,465.80","2,455.00","2,468.20","2,455.00","","1.00%"
"08/11/2017","2,441.30","2,441.00","2,448.10","2,437.80","","0.13%"
"08/10/2017","2,438.20","2,465.40","2,465.40","2,437.80","","-1.45%"
"08/09/2017","2,474.00","2,465.30","2,474.40","2,462.10","","-0.04%"
"08/08/2017","2,474.90","2,478.30","2,490.90","2,470.30","","-0.24%"
"08/07/2017","2,480.90","2,477.10","2,480.90","2,475.90","","0.17%"
"08/04/2017","2,476.80","2,476.90","2,480.00","2,472.10","","0.19%"
"08/03/2017","2,472.20","2,476.00","2,476.00","2,468.80","","-0.22%"
"08/02/2017","2,477.60","2,480.40","2,480.40","2,466.50","","0.05%"
"08/01/2017","2,476.30","2,477.10","2,478.50","2,471.10","","0.24%"
"07/31/2017","2,470.30","2,475.90","2,478.00","2,468.50","","-0.07%"
"07/28/2017","2,472.10","2,469.10","2,473.50","2,464.70","","-0.13%"
"07/27/2017","2,475.40","2,482.80","2,484.00","2,459.90","","-0.10%"
"07/26/2017","2,477.80","2,480.00","2,481.70","2,474.90","","0.03%"
"07/25/2017","2,477.10","2,477.90","2,481.20","2,474.90","","0.29%"
"07/24/2017","2,469.90","2,472.00","2,473.10","2,466.30","","-0.11%"
"07/21/2017","2,472.50","2,467.40","2,472.50","2,465.10","","-0.04%"
"07/20/2017","2,473.40","2,475.60","2,477.60","2,468.40","","-0.02%"
"07/19/2017","2,473.80","2,463.80","2,473.80","2,463.80","","0.54%"
"07/18/2017","2,460.60","2,455.90","2,460.90","2,450.30","","0.06%"
"07/17/2017","2,459.10","2,459.50","2,462.80","2,457.20","","-0.01%"
"07/14/2017","2,459.30","2,449.20","2,463.50","2,446.70","","0.47%"
"07/13/2017","2,447.80","2,445.00","2,449.30","2,441.70","","0.19%"
"07/12/2017","2,443.20","2,435.80","2,445.80","2,435.80","","0.73%"
"07/11/2017","2,425.50","2,427.30","2,429.30","2,412.80","","-0.08%"
"07/10/2017","2,427.40","2,424.50","2,432.00","2,422.30","","0.09%"
"07/07/2017","2,425.20","2,413.50","2,426.90","2,413.50","","0.64%"
"07/06/2017","2,409.80","2,423.40","2,424.30","2,407.70","","-0.93%"
"07/05/2017","2,432.50","2,430.80","2,434.90","2,422.10","","0.14%"
"07/03/2017","2,429.00","2,431.40","2,439.20","2,428.70","","0.23%"
"06/30/2017","2,423.40","2,429.20","2,432.70","2,421.70","","0.15%"
"06/29/2017","2,419.70","2,442.40","2,442.70","2,405.70","","-0.86%"
"06/28/2017","2,440.70","2,428.70","2,443.00","2,428.00","","0.88%"
"06/27/2017","2,419.40","2,436.30","2,440.20","2,419.40","","-0.81%"
"06/26/2017","2,439.10","2,443.30","2,450.40","2,437.00","","0.03%"
"06/23/2017","2,438.30","2,434.70","2,441.40","2,431.10","","0.16%"
"06/22/2017","2,434.50","2,437.40","2,441.60","2,433.30","","-0.05%"
"06/21/2017","2,435.60","2,439.30","2,442.20","2,430.70","","-0.06%"
"06/20/2017","2,437.00","2,450.70","2,450.70","2,436.60","","-0.67%"
"06/19/2017","2,453.50","2,442.60","2,453.80","2,441.80","","0.83%"
"06/16/2017","2,433.20","2,431.20","2,433.20","2,422.90","","0.03%"
"06/15/2017","2,432.50","2,424.10","2,433.90","2,418.50","","-0.22%"
"06/14/2017","2,437.90","2,443.80","2,443.80","2,428.30","","-0.10%"
"06/13/2017","2,440.30","2,434.20","2,441.50","2,431.30","","0.45%"
"06/12/2017","2,429.40","2,425.90","2,430.40","2,420.00","","-0.10%"
"06/09/2017","2,431.80","2,436.40","2,446.20","2,415.70","","-0.08%"
"06/08/2017","2,433.80","2,434.30","2,439.30","2,427.90","","0.03%"
"06/07/2017","2,433.10","2,432.00","2,435.30","2,424.80","","0.16%"
"06/06/2017","2,429.30","2,431.90","2,436.20","2,428.10","","-0.28%"
"06/05/2017","2,436.10","2,437.80","2,439.60","2,434.30","","-0.12%"
"06/02/2017","2,439.10","2,431.30","2,440.20","2,427.70","","0.37%"
"06/01/2017","2,430.10","2,415.70","2,430.10","2,413.50","","0.76%"
"05/31/2017","2,411.80","2,415.60","2,416.00","2,403.60","","-0.05%"
"05/30/2017","2,412.90","2,411.70","2,415.30","2,409.40","","-0.12%"
"05/26/2017","2,415.80","2,414.50","2,416.70","2,412.20","","0.03%"
"05/25/2017","2,415.10","2,409.50","2,418.70","2,408.00","","0.45%"
"05/24/2017","2,404.40","2,401.40","2,405.60","2,398.00","","0.25%"
"05/23/2017","2,398.40","2,397.00","2,400.80","2,393.90","","0.18%"
"05/22/2017","2,394.00","2,387.20","2,395.50","2,386.90","","0.52%"
"05/19/2017","2,381.70","2,371.40","2,389.10","2,370.40","","0.68%"
"05/18/2017","2,365.70","2,354.70","2,375.70","2,352.70","","0.37%"
"05/17/2017","2,357.00","2,382.90","2,384.90","2,356.20","","-1.82%"
"05/16/2017","2,400.70","2,404.60","2,405.80","2,396.10","","-0.07%"
"05/15/2017","2,402.30","2,394.00","2,404.10","2,393.90","","0.48%"
"05/12/2017","2,390.90","2,392.40","2,392.40","2,387.20","","-0.15%"
"05/11/2017","2,394.40","2,394.80","2,395.70","2,381.70","","-0.22%"
"05/10/2017","2,399.60","2,396.80","2,399.70","2,392.80","","0.11%"
"05/09/2017","2,396.90","2,401.60","2,403.90","2,392.40","","-0.10%"
"05/08/2017","2,399.40","2,399.90","2,401.40","2,393.90","","0.00%"
"05/05/2017","2,399.30","2,392.40","2,399.30","2,389.40","","0.41%"
"05/04/2017","2,389.50","2,389.80","2,391.40","2,380.30","","0.06%"
"05/03/2017","2,388.10","2,386.50","2,389.80","2,379.80","","-0.13%"
"05/02/2017","2,391.20","2,391.10","2,392.90","2,385.80","","0.12%"
"05/01/2017","2,388.30","2,388.50","2,394.50","2,384.80","","0.17%"
"04/28/2017","2,384.20","2,393.70","2,393.70","2,382.40","","-0.19%"
"04/27/2017","2,388.80","2,389.70","2,392.10","2,382.70","","0.06%"
"04/26/2017","2,387.40","2,389.00","2,398.20","2,386.80","","-0.05%"
"04/25/2017","2,388.60","2,381.50","2,392.50","2,381.20","","0.61%"
"04/24/2017","2,374.20","2,370.30","2,377.00","2,369.20","","1.09%"
"04/21/2017","2,348.70","2,354.70","2,356.20","2,344.50","","-0.30%"
"04/20/2017","2,355.80","2,342.70","2,361.40","2,340.90","","0.75%"
"04/19/2017","2,338.20","2,346.80","2,352.60","2,335.10","","-0.17%"
"04/18/2017","2,342.20","2,342.50","2,348.30","2,334.50","","-0.29%"
"04/17/2017","2,349.00","2,332.60","2,349.10","2,332.50","","0.86%"
"04/13/2017","2,328.90","2,342.00","2,348.30","2,328.90","","-0.68%"
"04/12/2017","2,344.90","2,352.20","2,352.70","2,341.20","","-0.38%"
"04/11/2017","2,353.80","2,353.90","2,355.20","2,337.20","","-0.14%"
"04/10/2017","2,357.20","2,357.20","2,366.40","2,351.50","","0.07%"
"04/07/2017","2,355.50","2,356.60","2,363.80","2,350.70","","-0.08%"
"04/06/2017","2,357.50","2,353.80","2,364.20","2,348.90","","0.20%"
"04/05/2017","2,352.90","2,366.60","2,378.40","2,350.50","","-0.31%"
"04/04/2017","2,360.20","2,354.80","2,360.50","2,350.70","","0.06%"
"04/03/2017","2,358.80","2,362.30","2,365.90","2,344.70","","-0.17%"
"03/31/2017","2,362.70","2,364.80","2,370.30","2,362.60","","-0.23%"
"03/30/2017","2,368.10","2,361.30","2,370.40","2,358.60","","0.30%"
"03/29/2017","2,361.10","2,356.50","2,363.40","2,352.90","","0.11%"
"03/28/2017","2,358.60","2,339.80","2,363.80","2,337.60","","0.73%"
"03/27/2017","2,341.60","2,329.10","2,344.90","2,322.20","","-0.10%"
"03/24/2017","2,344.00","2,350.40","2,356.20","2,335.70","","-0.09%"
"03/23/2017","2,346.00","2,346.00","2,358.90","2,342.10","","-0.10%"
"03/22/2017","2,348.40","2,343.00","2,351.80","2,336.40","","0.19%"
"03/21/2017","2,344.00","2,379.30","2,381.90","2,341.90","","-1.24%"
"03/20/2017","2,373.50","2,378.20","2,379.60","2,369.70","","-0.20%"
"03/17/2017","2,378.20","2,383.70","2,385.70","2,377.60","","-0.13%"
"03/16/2017","2,381.40","2,387.70","2,388.10","2,377.20","","-0.16%"
"03/15/2017","2,385.30","2,370.30","2,390.00","2,368.90","","0.84%"
"03/14/2017","2,365.40","2,368.60","2,368.60","2,358.20","","-0.34%"
"03/13/2017","2,373.50","2,371.60","2,374.40","2,368.50","","0.04%"
"03/10/2017","2,372.60","2,372.50","2,376.90","2,363.00","","0.33%"
"03/09/2017","2,364.90","2,363.50","2,369.10","2,354.50","","0.08%"
"03/08/2017","2,363.00","2,369.80","2,373.10","2,361.00","","-0.23%"
"03/07/2017","2,368.40","2,370.70","2,375.10","2,365.50","","-0.29%"
"03/06/2017","2,375.30","2,375.20","2,378.80","2,368.00","","-0.33%"
"03/03/2017","2,383.10","2,380.90","2,383.90","2,375.40","","0.05%"
"03/02/2017","2,381.90","2,394.80","2,394.80","2,380.20","","-0.59%"
"03/01/2017","2,396.00","2,380.10","2,401.00","2,380.10","","1.37%"
"02/28/2017","2,363.60","2,366.10","2,367.80","2,359.00","","-0.26%"
"02/27/2017","2,369.80","2,365.20","2,371.50","2,361.90","","0.11%"
"02/24/2017","2,367.30","2,355.70","2,367.30","2,352.90","","0.15%"
"02/23/2017","2,363.80","2,367.50","2,368.30","2,355.10","","0.04%"
"02/22/2017","2,362.80","2,361.10","2,365.10","2,358.30","","-0.11%"
"02/21/2017","2,365.40","2,354.90","2,366.70","2,354.90","","0.60%"
"02/17/2017","2,351.20","2,343.00","2,351.20","2,339.60","","0.17%"
"02/16/2017","2,347.20","2,349.60","2,351.30","2,338.90","","-0.09%"
"02/15/2017","2,349.20","2,335.60","2,351.30","2,334.80","","0.50%"
"02/14/2017","2,337.60","2,326.10","2,337.60","2,322.20","","0.40%"
"02/13/2017","2,328.20","2,321.70","2,331.60","2,321.40","","0.52%"
"02/10/2017","2,316.10","2,312.30","2,319.20","2,311.10","","0.36%"
"02/09/2017","2,307.90","2,296.70","2,311.10","2,296.60","","0.58%"
"02/08/2017","2,294.70","2,289.60","2,295.90","2,285.40","","0.07%"
"02/07/2017","2,293.10","2,295.90","2,299.40","2,290.20","","0.02%"
"02/06/2017","2,292.60","2,294.30","2,296.20","2,288.60","","-0.21%"
"02/03/2017","2,297.40","2,288.50","2,298.30","2,287.90","","0.73%"
"02/02/2017","2,280.80","2,276.70","2,284.00","2,271.70","","0.05%"
"02/01/2017","2,279.60","2,285.60","2,289.10","2,272.40","","0.03%"
"01/31/2017","2,278.90","2,274.00","2,279.10","2,267.20","","-0.09%"
"01/30/2017","2,280.90","2,286.00","2,286.00","2,268.00","","-0.60%"
"01/27/2017","2,294.70","2,299.00","2,299.00","2,291.60","","-0.09%"
"01/26/2017","2,296.70","2,298.60","2,301.00","2,294.10","","-0.07%"
"01/25/2017","2,298.40","2,288.90","2,299.60","2,288.90","","0.80%"
"01/24/2017","2,280.10","2,267.90","2,284.60","2,266.70","","0.66%"
"01/23/2017","2,265.20","2,267.80","2,271.80","2,257.00","","-0.27%"
"01/20/2017","2,271.30","2,270.00","2,277.00","2,265.00","","0.34%"
"01/19/2017","2,263.70","2,271.90","2,274.30","2,258.40","","-0.36%"
"01/18/2017","2,271.90","2,269.10","2,272.00","2,263.30","","0.18%"
"01/17/2017","2,267.90","2,269.10","2,272.10","2,262.80","","-0.29%"
"01/13/2017","2,274.60","2,272.70","2,278.70","2,271.50","","0.18%"
"01/12/2017","2,270.40","2,271.10","2,271.80","2,254.20","","-0.22%"
"01/11/2017","2,275.30","2,268.60","2,275.30","2,260.80","","0.28%"
"01/10/2017","2,268.90","2,269.70","2,279.30","2,265.30","","0.00%"
"01/09/2017","2,268.90","2,273.60","2,275.50","2,268.90","","-0.36%"
"01/06/2017","2,277.00","2,271.10","2,282.10","2,264.10","","0.35%"
"01/05/2017","2,269.00","2,268.20","2,271.50","2,260.40","","-0.08%"
"01/04/2017","2,270.80","2,261.60","2,272.80","2,261.60","","0.58%"
"01/03/2017","2,257.80","2,251.60","2,263.90","2,245.10","","0.85%"
"12/30/2016","2,238.80","2,251.60","2,253.60","2,233.60","","-0.47%"
"12/29/2016","2,249.30","2,249.50","2,254.50","2,244.60","","-0.03%"
"12/28/2016","2,249.90","2,270.20","2,271.30","2,249.10","","-0.84%"
"12/27/2016","2,268.90","2,266.20","2,273.80","2,266.20","","0.23%"
"12/23/2016","2,263.80","2,260.20","2,263.80","2,258.80","","0.12%"
"12/22/2016","2,261.00","2,262.90","2,263.20","2,256.10","","-0.19%"
"12/21/2016","2,265.20","2,270.50","2,271.20","2,265.20","","-0.25%"
"12/20/2016","2,270.80","2,266.50","2,272.60","2,266.10","","0.37%"
"12/19/2016","2,262.50","2,259.20","2,267.50","2,258.20","","0.19%"
"12/16/2016","2,258.10","2,266.80","2,268.10","2,254.20","","-0.17%"
"12/15/2016","2,262.00","2,253.80","2,272.10","2,253.80","","0.39%"
"12/14/2016","2,253.30","2,268.30","2,276.20","2,248.40","","-0.81%"
"12/13/2016","2,271.70","2,263.30","2,277.50","2,263.30","","0.65%"
"12/12/2016","2,257.00","2,258.80","2,264.00","2,252.40","","-0.11%"
"12/09/2016","2,259.50","2,249.70","2,259.80","2,249.20","","0.59%"
"12/08/2016","2,246.20","2,241.10","2,251.70","2,237.60","","0.22%"
"12/07/2016","2,241.30","2,210.70","2,241.60","2,208.90","","1.32%"
"12/06/2016","2,212.20","2,207.30","2,212.80","2,202.20","","0.34%"
"12/05/2016","2,204.70","2,200.70","2,209.40","2,200.00","","0.58%"
"12/02/2016","2,191.90","2,191.10","2,197.90","2,188.40","","0.04%"
"12/01/2016","2,191.10","2,200.20","2,202.60","2,187.40","","-0.35%"
"11/30/2016","2,198.80","2,205.00","2,214.10","2,198.80","","-0.27%"
"11/29/2016","2,204.70","2,200.80","2,210.50","2,198.20","","0.14%"
"11/28/2016","2,201.70","2,210.20","2,211.10","2,200.40","","-0.52%"
"11/25/2016","2,213.30","2,206.30","2,213.30","2,206.30","","0.39%"
"11/23/2016","2,204.70","2,198.60","2,204.70","2,194.50","","0.08%"
"11/22/2016","2,202.90","2,201.60","2,204.80","2,194.50","","0.21%"
"11/21/2016","2,198.20","2,186.40","2,198.70","2,186.40","","0.75%"
"11/18/2016","2,181.90","2,186.80","2,189.90","2,180.40","","-0.24%"
"11/17/2016","2,187.10","2,178.60","2,188.10","2,176.70","","0.47%"
"11/16/2016","2,176.90","2,177.50","2,179.20","2,172.20","","-0.16%"
"11/15/2016","2,180.40","2,168.30","2,180.80","2,166.40","","0.75%"
"11/14/2016","2,164.20","2,165.60","2,171.40","2,156.10","","-0.01%"
"11/11/2016","2,164.40","2,162.70","2,165.90","2,152.50","","-0.14%"
"11/10/2016","2,167.50","2,167.50","2,182.30","2,151.20","","0.19%"
"11/09/2016","2,163.30","2,131.60","2,170.10","2,125.30","","1.11%"
"11/08/2016","2,139.60","2,129.90","2,146.90","2,123.60","","0.38%"
"11/07/2016","2,131.50","2,100.60","2,132.00","2,100.60","","2.22%"
"11/04/2016","2,085.20","2,083.80","2,099.10","2,083.80","","-0.17%"
"11/03/2016","2,088.70","2,098.80","2,102.60","2,085.20","","-0.44%"
"11/02/2016","2,097.90","2,109.40","2,111.80","2,094.00","","-0.65%"
"11/01/2016","2,111.70","2,128.70","2,131.40","2,097.80","","-0.68%"
"10/31/2016","2,126.20","2,129.80","2,133.20","2,125.50","","-0.01%"
"10/28/2016","2,126.40","2,132.20","2,140.70","2,119.40","","-0.31%"
"10/27/2016","2,133.00","2,144.10","2,147.10","2,132.50","","-0.30%"
"10/26/2016","2,139.40","2,137.00","2,145.70","2,131.60","","-0.18%"
"10/25/2016","2,143.20","2,149.70","2,151.40","2,141.90","","-0.38%"
"10/24/2016","2,151.30","2,148.50","2,154.80","2,146.90","","0.47%"
"10/21/2016","2,141.20","2,139.40","2,142.60","2,130.10","","0.00%"
"10/20/2016","2,141.30","2,142.50","2,147.20","2,133.40","","-0.14%"
"10/19/2016","2,144.30","2,140.80","2,148.40","2,138.20","","0.22%"
"10/18/2016","2,139.60","2,138.30","2,144.40","2,135.50","","0.62%"
"10/17/2016","2,126.50","2,132.90","2,135.60","2,124.40","","-0.30%"
"10/14/2016","2,133.00","2,139.70","2,149.20","2,133.00","","0.02%"
"10/13/2016","2,132.60","2,130.30","2,138.20","2,114.70","","-0.31%"
"10/12/2016","2,139.20","2,137.70","2,145.40","2,132.80","","0.12%"
"10/11/2016","2,136.70","2,161.30","2,161.60","2,128.80","","-1.25%"
"10/10/2016","2,163.70","2,160.40","2,169.60","2,160.40","","0.46%"
"10/07/2016","2,153.70","2,164.20","2,165.90","2,144.80","","-0.33%"
"10/06/2016","2,160.80","2,158.20","2,162.90","2,150.30","","0.05%"
"10/05/2016","2,159.70","2,155.20","2,163.90","2,155.20","","0.43%"
"10/04/2016","2,150.50","2,163.40","2,165.50","2,144.00","","-0.50%"
"10/03/2016","2,161.20","2,164.30","2,164.40","2,154.80","","-0.33%"
"09/30/2016","2,168.30","2,156.50","2,175.30","2,156.50","","0.80%"
"09/29/2016","2,151.10","2,168.90","2,172.70","2,145.20","","-0.93%"
"09/28/2016","2,171.40","2,161.80","2,172.40","2,151.80","","0.53%"
"09/27/2016","2,159.90","2,146.00","2,161.10","2,141.60","","0.64%"
"09/26/2016","2,146.10","2,158.50","2,158.50","2,145.00","","-0.86%"
"09/23/2016","2,164.70","2,173.30","2,173.80","2,164.00","","-0.57%"
"09/22/2016","2,177.20","2,170.90","2,180.00","2,170.90","","0.65%"
"09/21/2016","2,163.10","2,144.60","2,165.10","2,139.60","","1.09%"
"09/20/2016","2,139.80","2,145.90","2,150.80","2,139.20","","0.03%"
"09/19/2016","2,139.10","2,144.00","2,153.60","2,135.90","","0.00%"
"09/16/2016","2,139.20","2,146.50","2,146.50","2,131.20","","-0.38%"
"09/15/2016","2,147.30","2,125.40","2,151.30","2,122.40","","1.01%"
"09/14/2016","2,125.80","2,127.90","2,141.30","2,119.90","","-0.06%"
"09/13/2016","2,127.00","2,150.50","2,150.50","2,120.30","","-1.48%"
"09/12/2016","2,159.00","2,120.90","2,163.30","2,119.10","","1.47%"
"09/09/2016","2,127.80","2,169.10","2,169.10","2,127.80","","-2.45%"
"09/08/2016","2,181.30","2,182.80","2,184.90","2,177.50","","-0.22%"
"09/07/2016","2,186.20","2,185.20","2,187.90","2,179.10","","-0.01%"
"09/06/2016","2,186.50","2,181.60","2,186.60","2,175.10","","0.30%"
"09/02/2016","2,180.00","2,177.50","2,184.90","2,173.60","","0.42%"
"09/01/2016","2,170.90","2,171.30","2,173.60","2,157.10","","0.00%"
"08/31/2016","2,170.90","2,173.60","2,173.80","2,161.30","","-0.24%"
"08/30/2016","2,176.10","2,179.40","2,182.30","2,170.40","","-0.20%"
"08/29/2016","2,180.40","2,170.20","2,183.50","2,170.20","","0.53%"
"08/26/2016","2,169.00","2,175.10","2,187.90","2,160.40","","-0.16%"
"08/25/2016","2,172.50","2,173.30","2,179.00","2,169.70","","-0.13%"
"08/24/2016","2,175.40","2,185.10","2,186.70","2,171.20","","-0.53%"
"08/23/2016","2,186.90","2,187.80","2,193.40","2,186.80","","0.20%"
"08/22/2016","2,182.60","2,181.60","2,185.20","2,176.00","","-0.06%"
"08/19/2016","2,183.90","2,184.20","2,185.00","2,175.10","","-0.14%"
"08/18/2016","2,187.00","2,181.90","2,187.00","2,180.50","","0.22%"
"08/17/2016","2,182.20","2,177.80","2,183.10","2,168.50","","0.18%"
"08/16/2016","2,178.20","2,186.20","2,186.20","2,178.10","","-0.55%"
"08/15/2016","2,190.20","2,186.10","2,193.80","2,186.10","","0.28%"
"08/12/2016","2,184.10","2,183.70","2,186.30","2,179.40","","-0.08%"
"08/11/2016","2,185.80","2,178.00","2,188.40","2,178.00","","0.47%"
"08/10/2016","2,175.50","2,182.80","2,183.40","2,172.00","","-0.28%"
"08/09/2016","2,181.70","2,182.20","2,187.70","2,178.60","","0.04%"
"08/08/2016","2,180.90","2,183.80","2,185.40","2,177.80","","-0.09%"
"08/05/2016","2,182.90","2,168.80","2,182.90","2,168.80","","0.86%"
"08/04/2016","2,164.20","2,163.50","2,168.20","2,159.10","","0.02%"
"08/03/2016","2,163.80","2,156.80","2,163.80","2,152.60","","0.32%"
"08/02/2016","2,157.00","2,169.90","2,170.20","2,147.60","","-0.64%"
"08/01/2016","2,170.80","2,173.20","2,178.30","2,166.20","","-0.13%"
"07/29/2016","2,173.60","2,168.80","2,177.10","2,163.50","","0.16%"
"07/28/2016","2,170.10","2,166.10","2,172.80","2,159.70","","0.16%"
"07/27/2016","2,166.60","2,169.80","2,175.00","2,159.10","","-0.12%"
"07/26/2016","2,169.20","2,169.00","2,173.50","2,160.20","","0.03%"
"07/25/2016","2,168.50","2,173.70","2,173.70","2,161.90","","-0.30%"
"07/22/2016","2,175.00","2,166.50","2,175.10","2,163.20","","0.45%"
"07/21/2016","2,165.20","2,172.90","2,174.60","2,159.80","","-0.36%"
"07/20/2016","2,173.00","2,166.10","2,175.60","2,164.90","","0.43%"
"07/19/2016","2,163.80","2,163.80","2,164.60","2,159.00","","-0.14%"
"07/18/2016","2,166.90","2,162.00","2,168.30","2,159.60","","0.24%"
"07/15/2016","2,161.70","2,165.10","2,169.10","2,155.80","","-0.10%"
"07/14/2016","2,163.80","2,157.90","2,169.00","2,157.90","","0.53%"
"07/13/2016","2,152.40","2,153.80","2,156.40","2,146.20","","0.01%"
"07/12/2016","2,152.10","2,139.50","2,155.40","2,139.50","","0.70%"
"07/11/2016","2,137.20","2,131.70","2,143.20","2,131.70","","0.34%"
"07/08/2016","2,129.90","2,107.00","2,131.70","2,107.00","","1.53%"
"07/07/2016","2,097.90","2,100.40","2,109.10","2,089.40","","-0.09%"
"07/06/2016","2,099.70","2,084.40","2,100.70","2,074.00","","0.53%"
"07/05/2016","2,088.60","2,095.10","2,095.10","2,080.90","","-0.68%"
"07/01/2016","2,102.90","2,099.30","2,108.70","2,097.90","","0.19%"
"06/30/2016","2,098.90","2,073.20","2,098.90","2,070.00","","1.36%"
"06/29/2016","2,070.80","2,042.70","2,073.10","2,042.70","","1.70%"
"06/28/2016","2,036.10","2,006.70","2,036.10","2,006.70","","1.78%"
"06/27/2016","2,000.50","2,031.50","2,031.50","1,991.70","","-1.81%"
"06/24/2016","2,037.40","2,103.80","2,103.80","2,032.60","","-3.59%"
"06/23/2016","2,113.30","2,092.80","2,113.30","2,092.80","","1.34%"
"06/22/2016","2,085.40","2,089.80","2,099.70","2,084.40","","-0.17%"
"06/21/2016","2,088.90","2,085.20","2,093.70","2,083.00","","0.27%"
"06/20/2016","2,083.20","2,075.60","2,100.70","2,075.60","","0.58%"
"06/17/2016","2,071.20","2,078.20","2,078.20","2,062.80","","-0.33%"
"06/16/2016","2,078.00","2,066.40","2,079.60","2,050.40","","0.31%"
"06/15/2016","2,071.50","2,077.60","2,085.70","2,069.80","","-0.18%"
"06/14/2016","2,075.30","2,076.70","2,081.30","2,064.10","","-0.18%"
"06/13/2016","2,079.10","2,091.80","2,098.10","2,078.50","","-0.81%"
"06/10/2016","2,096.10","2,109.60","2,109.60","2,090.00","","-0.92%"
"06/09/2016","2,115.50","2,115.70","2,117.60","2,107.70","","-0.17%"
"06/08/2016","2,119.10","2,112.70","2,120.60","2,112.70","","0.33%"
"06/07/2016","2,112.10","2,110.20","2,119.20","2,110.20","","0.13%"
"06/06/2016","2,109.40","2,100.80","2,113.40","2,100.80","","0.49%"
"06/03/2016","2,099.10","2,104.10","2,104.10","2,085.40","","-0.29%"
"06/02/2016","2,105.30","2,097.70","2,105.30","2,088.60","","0.29%"
"06/01/2016","2,099.30","2,093.90","2,101.00","2,085.10","","0.11%"
"05/31/2016","2,097.00","2,100.10","2,103.50","2,088.70","","-0.10%"
"05/27/2016","2,099.10","2,090.10","2,099.10","2,090.10","","0.43%"
"05/26/2016","2,090.10","2,091.40","2,094.30","2,087.10","","-0.02%"
"05/25/2016","2,090.50","2,078.90","2,094.70","2,078.90","","0.69%"
"05/24/2016","2,076.10","2,052.70","2,079.70","2,052.70","","1.37%"
"05/23/2016","2,048.00","2,052.20","2,055.60","2,047.30","","-0.21%"
"05/20/2016","2,052.30","2,041.90","2,058.30","2,041.90","","0.60%"
"05/19/2016","2,040.00","2,044.20","2,044.20","2,025.90","","-0.37%"
"05/18/2016","2,047.60","2,044.40","2,060.60","2,034.50","","0.02%"
"05/17/2016","2,047.20","2,065.00","2,065.70","2,040.80","","-0.94%"
"05/16/2016","2,066.70","2,046.50","2,071.90","2,046.50","","0.98%"
"05/13/2016","2,046.60","2,062.50","2,066.80","2,043.10","","-0.85%"
"05/12/2016","2,064.10","2,067.20","2,074.00","2,053.10","","-0.02%"
"05/11/2016","2,064.50","2,083.30","2,083.30","2,064.50","","-0.95%"
"05/10/2016","2,084.40","2,062.60","2,084.90","2,062.60","","1.25%"
"05/09/2016","2,058.70","2,057.60","2,064.20","2,054.30","","0.08%"
"05/06/2016","2,057.10","2,047.80","2,057.70","2,039.50","","0.32%"
"05/05/2016","2,050.60","2,052.90","2,060.20","2,045.80","","-0.02%"
"05/04/2016","2,051.10","2,060.30","2,060.30","2,045.50","","-0.60%"
"05/03/2016","2,063.40","2,077.20","2,077.20","2,054.90","","-0.86%"
"05/02/2016","2,081.40","2,067.20","2,083.40","2,066.10","","0.78%"
"04/29/2016","2,065.30","2,071.80","2,073.80","2,052.30","","-0.51%"
"04/28/2016","2,075.80","2,090.90","2,099.30","2,071.60","","-0.93%"
"04/27/2016","2,095.20","2,092.30","2,099.90","2,082.30","","0.17%"
"04/26/2016","2,091.70","2,089.80","2,096.90","2,085.80","","0.19%"
"04/25/2016","2,087.80","2,089.40","2,089.40","2,077.50","","-0.18%"
"04/22/2016","2,091.60","2,091.50","2,094.30","2,081.20","","0.00%"
"04/21/2016","2,091.50","2,102.10","2,103.80","2,088.50","","-0.52%"
"04/20/2016","2,102.40","2,101.50","2,111.10","2,096.30","","0.08%"
"04/19/2016","2,100.80","2,096.10","2,104.10","2,091.70","","0.31%"
"04/18/2016","2,094.30","2,078.80","2,094.70","2,073.70","","0.65%"
"04/15/2016","2,080.70","2,083.10","2,083.20","2,076.30","","-0.10%"
"04/14/2016","2,082.80","2,082.90","2,087.80","2,078.10","","0.02%"
"04/13/2016","2,082.40","2,065.90","2,083.20","2,065.90","","1.00%"
"04/12/2016","2,061.70","2,043.70","2,065.10","2,039.70","","0.96%"
"04/11/2016","2,042.00","2,050.20","2,062.90","2,041.90","","-0.27%"
"04/08/2016","2,047.60","2,045.50","2,060.60","2,041.70","","0.28%"
"04/07/2016","2,041.90","2,063.00","2,063.00","2,033.80","","-1.20%"
"04/06/2016","2,066.70","2,045.60","2,067.30","2,043.10","","1.05%"
"04/05/2016","2,045.20","2,062.50","2,062.50","2,042.60","","-1.01%"
"04/04/2016","2,066.10","2,073.20","2,074.00","2,062.60","","-0.32%"
"04/01/2016","2,072.80","2,056.60","2,075.10","2,044.00","","0.64%"
"03/31/2016","2,059.70","2,063.80","2,067.90","2,057.50","","-0.20%"
"03/30/2016","2,063.90","2,058.30","2,072.20","2,058.30","","0.43%"
"03/29/2016","2,055.00","2,035.80","2,055.90","2,028.30","","0.88%"
"03/28/2016","2,037.00","2,037.90","2,042.70","2,032.00","","0.05%"
"03/24/2016","2,035.90","2,032.50","2,036.00","2,022.50","","-0.04%"
"03/23/2016","2,036.70","2,048.60","2,048.60","2,034.90","","-0.64%"
"03/22/2016","2,049.80","2,048.60","2,056.60","2,040.60","","-0.09%"
"03/21/2016","2,051.60","2,047.90","2,053.90","2,043.10","","0.10%"
"03/18/2016","2,049.60","2,041.20","2,052.40","2,041.20","","0.44%"
"03/17/2016","2,040.60","2,026.90","2,046.20","2,022.20","","0.66%"
"03/16/2016","2,027.20","2,014.20","2,032.00","2,010.00","","0.56%"
"03/15/2016","2,015.90","2,015.30","2,015.90","2,005.20","","-0.18%"
"03/14/2016","2,019.60","2,019.30","2,024.60","2,012.00","","-0.13%"
"03/11/2016","2,022.20","1,994.70","2,022.40","1,994.70","","1.64%"
"03/10/2016","1,989.60","1,991.00","2,005.10","1,969.20","","0.02%"
"03/09/2016","1,989.30","1,981.40","1,992.70","1,979.80","","0.51%"
"03/08/2016","1,979.30","1,996.90","1,996.90","1,977.40","","-1.12%"
"03/07/2016","2,001.80","1,996.10","2,006.10","1,989.40","","0.09%"
"03/04/2016","2,000.00","1,994.00","2,009.10","1,986.80","","0.33%"
"03/03/2016","1,993.40","1,985.60","1,993.70","1,977.40","","0.35%"
"03/02/2016","1,986.50","1,976.60","1,986.50","1,968.80","","0.41%"
"03/01/2016","1,978.30","1,937.10","1,978.30","1,937.10","","2.39%"
"02/29/2016","1,932.20","1,947.10","1,958.30","1,931.80","","-0.81%"
"02/26/2016","1,948.00","1,955.00","1,963.00","1,945.80","","-0.19%"
"02/25/2016","1,951.70","1,931.90","1,951.80","1,925.40","","1.13%"
"02/24/2016","1,929.80","1,917.60","1,932.10","1,891.00","","0.44%"
"02/23/2016","1,921.30","1,942.40","1,942.40","1,919.40","","-1.24%"
"02/22/2016","1,945.50","1,924.40","1,946.70","1,924.40","","1.44%"
"02/19/2016","1,917.80","1,916.70","1,918.80","1,902.20","","0.00%"
"02/18/2016","1,917.80","1,927.60","1,930.00","1,915.10","","-0.47%"
"02/17/2016","1,926.80","1,898.80","1,930.70","1,898.80","","1.65%"
"02/16/2016","1,895.60","1,871.40","1,895.80","1,871.40","","1.65%"
"02/12/2016","1,864.80","1,833.40","1,864.80","1,833.40","","1.95%"
"02/11/2016","1,829.10","1,847.00","1,847.00","1,810.10","","-1.23%"
"02/10/2016","1,851.90","1,857.10","1,881.60","1,850.30","","-0.02%"
"02/09/2016","1,852.20","1,848.50","1,868.20","1,834.90","","-0.06%"
"02/08/2016","1,853.40","1,873.20","1,873.20","1,828.50","","-1.41%"
"02/05/2016","1,880.00","1,913.10","1,913.10","1,872.70","","-1.85%"
"02/04/2016","1,915.50","1,911.70","1,927.30","1,900.50","","0.16%"
"02/03/2016","1,912.50","1,907.10","1,918.00","1,872.20","","0.50%"
"02/02/2016","1,903.00","1,935.30","1,935.30","1,897.30","","-1.88%"
"02/01/2016","1,939.40","1,936.90","1,947.20","1,920.30","","-0.04%"
"01/29/2016","1,940.20","1,894.00","1,940.20","1,894.00","","2.47%"
"01/28/2016","1,893.40","1,885.20","1,903.00","1,873.70","","0.55%"
"01/27/2016","1,883.00","1,902.50","1,917.00","1,872.70","","-1.08%"
"01/26/2016","1,903.60","1,878.80","1,906.70","1,878.80","","1.41%"
"01/25/2016","1,877.10","1,906.30","1,906.30","1,876.00","","-1.56%"
"01/22/2016","1,906.90","1,877.40","1,908.80","1,877.40","","2.03%"
"01/21/2016","1,869.00","1,861.50","1,889.80","1,849.00","","0.52%"
"01/20/2016","1,859.30","1,876.20","1,876.20","1,812.30","","-1.17%"
"01/19/2016","1,881.30","1,888.70","1,901.40","1,864.60","","0.05%"
"01/15/2016","1,880.30","1,916.70","1,916.70","1,857.80","","-2.16%"
"01/14/2016","1,921.80","1,891.70","1,934.50","1,878.90","","1.67%"
"01/13/2016","1,890.30","1,940.30","1,950.30","1,886.40","","-2.50%"
"01/12/2016","1,938.70","1,927.80","1,947.40","1,914.30","","0.78%"
"01/11/2016","1,923.70","1,926.10","1,935.70","1,901.10","","0.09%"
"01/08/2016","1,922.00","1,946.00","1,960.40","1,918.50","","-1.09%"
"01/07/2016","1,943.10","1,985.30","1,985.30","1,938.80","","-2.37%"
"01/06/2016","1,990.30","2,011.70","2,011.70","1,979.00","","-1.31%"
"01/05/2016","2,016.70","2,013.80","2,021.90","2,004.20","","0.20%"
"01/04/2016","2,012.70","2,038.20","2,038.20","1,989.70","","-1.53%"
"12/31/2015","2,043.90","2,060.60","2,062.50","2,043.60","","-0.95%"
"12/30/2015","2,063.40","2,077.30","2,077.30","2,062.00","","-0.72%"
"12/29/2015","2,078.40","2,060.50","2,081.60","2,060.50","","1.06%"
"12/28/2015","2,056.50","2,057.80","2,057.80","2,044.20","","-0.22%"
"12/24/2015","2,061.00","2,063.50","2,067.40","2,058.70","","-0.16%"
"12/23/2015","2,064.30","2,042.20","2,064.70","2,042.20","","1.24%"
"12/22/2015","2,039.00","2,023.20","2,042.70","2,020.50","","0.88%"
"12/21/2015","2,021.20","2,010.30","2,022.90","2,005.90","","0.78%"
"12/18/2015","2,005.50","2,040.80","2,040.80","2,005.30","","-1.78%"
"12/17/2015","2,041.90","2,073.80","2,076.40","2,041.70","","-1.50%"
"12/16/2015","2,073.10","2,046.50","2,076.70","2,042.40","","1.45%"
"12/15/2015","2,043.40","2,025.50","2,053.90","2,025.50","","1.06%"
"12/14/2015","2,021.90","2,013.40","2,022.90","1,993.30","","0.47%"
"12/11/2015","2,012.40","2,047.30","2,047.30","2,008.80","","-1.94%"
"12/10/2015","2,052.20","2,047.90","2,067.70","2,045.70","","0.22%"
"12/09/2015","2,047.60","2,061.20","2,080.30","2,036.50","","-0.78%"
"12/08/2015","2,063.60","2,073.40","2,073.80","2,052.30","","-0.65%"
"12/07/2015","2,077.10","2,090.40","2,090.40","2,066.80","","-0.70%"
"12/04/2015","2,091.70","2,051.20","2,093.80","2,051.20","","2.05%"
"12/03/2015","2,049.60","2,080.70","2,085.00","2,042.30","","-1.44%"
"12/02/2015","2,079.50","2,101.70","2,104.30","2,077.10","","-1.10%"
"12/01/2015","2,102.60","2,082.90","2,103.40","2,082.90","","1.07%"
"11/30/2015","2,080.40","2,090.90","2,093.80","2,080.40","","-0.46%"
"11/27/2015","2,090.10","2,088.80","2,093.30","2,084.10","","0.06%"
"11/25/2015","2,088.90","2,089.30","2,093.00","2,086.30","","-0.01%"
"11/24/2015","2,089.10","2,084.40","2,094.10","2,070.30","","0.12%"
"11/23/2015","2,086.60","2,089.40","2,095.60","2,081.40","","-0.12%"
"11/20/2015","2,089.20","2,082.80","2,097.10","2,082.80","","0.38%"
"11/19/2015","2,081.20","2,083.70","2,086.70","2,078.80","","-0.12%"
"11/18/2015","2,083.60","2,052.00","2,085.30","2,052.00","","1.62%"
"11/17/2015","2,050.40","2,053.70","2,066.70","2,045.90","","-0.14%"
"11/16/2015","2,053.20","2,022.10","2,053.20","2,019.40","","1.49%"
"11/13/2015","2,023.00","2,044.60","2,044.60","2,022.00","","-1.12%"
"11/12/2015","2,046.00","2,072.30","2,072.30","2,045.70","","-1.40%"
"11/11/2015","2,075.00","2,083.40","2,086.90","2,074.80","","-0.32%"
"11/10/2015","2,081.70","2,077.20","2,083.70","2,069.90","","0.15%"
"11/09/2015","2,078.60","2,096.60","2,096.60","2,068.20","","-0.98%"
"11/06/2015","2,099.20","2,098.60","2,101.90","2,083.70","","-0.03%"
"11/05/2015","2,099.90","2,101.70","2,108.80","2,090.40","","-0.11%"
"11/04/2015","2,102.30","2,110.60","2,114.60","2,097.00","","-0.36%"
"11/03/2015","2,109.80","2,102.60","2,116.50","2,097.50","","0.27%"
"11/02/2015","2,104.10","2,080.80","2,106.20","2,080.80","","1.19%"
"10/30/2015","2,079.40","2,090.00","2,094.30","2,079.30","","-0.48%"
"10/29/2015","2,089.40","2,088.30","2,092.50","2,082.60","","-0.04%"
"10/28/2015","2,090.30","2,066.50","2,090.30","2,063.10","","1.18%"
"10/27/2015","2,065.90","2,068.80","2,070.40","2,058.80","","-0.26%"
"10/26/2015","2,071.20","2,075.10","2,075.10","2,066.50","","-0.19%"
"10/23/2015","2,075.20","2,058.20","2,079.70","2,058.20","","1.11%"
"10/22/2015","2,052.50","2,021.90","2,055.20","2,021.90","","1.66%"
"10/21/2015","2,018.90","2,033.50","2,038.00","2,017.20","","-0.59%"
"10/20/2015","2,030.80","2,033.10","2,039.10","2,026.60","","-0.14%"
"10/19/2015","2,033.70","2,031.70","2,034.50","2,022.30","","0.03%"
"10/16/2015","2,033.10","2,024.40","2,033.50","2,020.50","","0.45%"
"10/15/2015","2,023.90","1,996.50","2,024.20","1,996.50","","1.49%"
"10/14/2015","1,994.20","2,003.70","2,009.60","1,990.70","","-0.47%"
"10/13/2015","2,003.70","2,015.00","2,022.30","2,001.80","","-0.68%"
"10/12/2015","2,017.50","2,015.70","2,018.70","2,010.50","","0.13%"
"10/09/2015","2,014.90","2,013.70","2,020.10","2,007.60","","0.07%"
"10/08/2015","2,013.40","1,994.00","2,016.50","1,987.50","","0.88%"
"10/07/2015","1,995.80","1,982.30","1,999.30","1,976.40","","0.80%"
"10/06/2015","1,979.90","1,986.60","1,991.60","1,972.00","","-0.36%"
"10/05/2015","1,987.00","1,954.30","1,989.20","1,954.30","","1.82%"
"10/02/2015","1,951.40","1,921.80","1,951.40","1,893.70","","1.43%"
"10/01/2015","1,923.80","1,919.70","1,927.20","1,900.70","","0.20%"
"09/30/2015","1,920.00","1,887.10","1,920.50","1,887.10","","1.91%"
"09/29/2015","1,884.10","1,881.90","1,899.50","1,871.90","","0.12%"
"09/28/2015","1,881.80","1,929.20","1,929.20","1,879.20","","-2.56%"
"09/25/2015","1,931.30","1,935.90","1,952.90","1,921.50","","-0.05%"
"09/24/2015","1,932.20","1,934.80","1,937.20","1,908.90","","-0.34%"
"09/23/2015","1,938.80","1,943.20","1,949.50","1,932.60","","-0.20%"
"09/22/2015","1,942.70","1,961.40","1,961.40","1,929.20","","-1.24%"
"09/21/2015","1,967.00","1,960.80","1,979.60","1,955.80","","0.46%"
"09/18/2015","1,958.00","1,989.70","1,989.70","1,953.50","","-1.62%"
"09/17/2015","1,990.20","1,995.30","2,020.90","1,986.70","","-0.26%"
"09/16/2015","1,995.30","1,978.00","1,997.30","1,977.90","","0.87%"
"09/15/2015","1,978.10","1,955.10","1,983.20","1,954.30","","1.29%"
"09/14/2015","1,953.00","1,963.10","1,963.10","1,948.30","","-0.41%"
"09/11/2015","1,961.00","1,951.50","1,961.00","1,939.20","","0.45%"
"09/10/2015","1,952.30","1,941.60","1,965.30","1,937.20","","0.53%"
"09/09/2015","1,942.00","1,971.50","1,988.60","1,937.90","","-1.39%"
"09/08/2015","1,969.40","1,927.30","1,970.40","1,927.30","","2.51%"
"09/04/2015","1,921.20","1,947.80","1,947.80","1,911.20","","-1.53%"
"09/03/2015","1,951.10","1,950.80","1,975.00","1,944.70","","0.11%"
"09/02/2015","1,948.90","1,916.50","1,948.90","1,916.50","","1.83%"
"09/01/2015","1,913.80","1,970.10","1,970.10","1,903.10","","-2.96%"
"08/31/2015","1,972.20","1,986.70","1,986.70","1,966.00","","-0.84%"
"08/28/2015","1,988.90","1,986.10","1,993.50","1,975.20","","0.06%"
"08/27/2015","1,987.70","1,942.80","1,989.60","1,942.80","","2.43%"
"08/26/2015","1,940.50","1,872.80","1,943.10","1,872.80","","3.90%"
"08/25/2015","1,867.60","1,898.10","1,948.00","1,867.10","","-1.35%"
"08/24/2015","1,893.20","1,965.20","1,965.20","1,867.00","","-3.94%"
"08/21/2015","1,970.90","2,034.10","2,034.10","1,970.90","","-3.18%"
"08/20/2015","2,035.70","2,076.60","2,076.60","2,035.70","","-2.11%"
"08/19/2015","2,079.60","2,095.70","2,096.20","2,070.50","","-0.83%"
"08/18/2015","2,096.90","2,102.00","2,103.50","2,094.10","","-0.26%"
"08/17/2015","2,102.40","2,089.70","2,102.90","2,079.30","","0.52%"
"08/14/2015","2,091.50","2,083.20","2,092.40","2,080.60","","0.39%"
"08/13/2015","2,083.40","2,086.20","2,092.90","2,078.30","","-0.13%"
"08/12/2015","2,086.10","2,081.10","2,089.10","2,052.10","","0.10%"
"08/11/2015","2,084.10","2,102.70","2,102.70","2,076.50","","-0.96%"
"08/10/2015","2,104.20","2,081.00","2,105.30","2,081.00","","1.28%"
"08/07/2015","2,077.60","2,082.60","2,082.60","2,067.90","","-0.29%"
"08/06/2015","2,083.60","2,100.80","2,103.30","2,075.50","","-0.77%"
"08/05/2015","2,099.80","2,095.30","2,112.70","2,095.30","","0.31%"
"08/04/2015","2,093.30","2,097.70","2,102.50","2,088.60","","-0.22%"
"08/03/2015","2,098.00","2,104.50","2,105.70","2,087.30","","-0.28%"
"07/31/2015","2,103.80","2,111.60","2,114.20","2,102.10","","-0.23%"
"07/30/2015","2,108.60","2,106.80","2,110.50","2,095.00","","0.00%"
"07/29/2015","2,108.60","2,094.70","2,110.60","2,094.10","","0.74%"
"07/28/2015","2,093.20","2,070.80","2,095.60","2,069.10","","1.24%"
"07/27/2015","2,067.60","2,078.20","2,078.20","2,063.50","","-0.58%"
"07/24/2015","2,079.70","2,102.20","2,106.00","2,077.10","","-1.07%"
"07/23/2015","2,102.20","2,114.20","2,116.90","2,098.60","","-0.57%"
"07/22/2015","2,114.20","2,118.20","2,118.50","2,110.00","","-0.24%"
"07/21/2015","2,119.20","2,127.60","2,128.50","2,115.40","","-0.43%"
"07/20/2015","2,128.30","2,126.80","2,132.80","2,123.70","","0.08%"
"07/17/2015","2,126.60","2,126.80","2,128.90","2,119.90","","0.11%"
"07/16/2015","2,124.30","2,110.60","2,124.40","2,110.60","","0.80%"
"07/15/2015","2,107.40","2,109.00","2,114.10","2,102.50","","-0.07%"
"07/14/2015","2,108.90","2,099.70","2,112.00","2,098.20","","0.44%"
"07/13/2015","2,099.60","2,080.00","2,100.70","2,080.00","","1.11%"
"07/10/2015","2,076.60","2,052.70","2,081.30","2,052.70","","1.23%"
"07/09/2015","2,051.30","2,049.70","2,074.30","2,049.70","","0.22%"
"07/08/2015","2,046.70","2,077.70","2,077.70","2,044.70","","-1.66%"
"07/07/2015","2,081.30","2,069.50","2,083.70","2,044.00","","0.60%"
"07/06/2015","2,068.80","2,073.90","2,078.60","2,058.40","","-0.39%"
"07/02/2015","2,076.80","2,078.00","2,085.10","2,071.00","","-0.03%"
"07/01/2015","2,077.40","2,067.00","2,082.80","2,067.00","","0.69%"
"06/30/2015","2,063.10","2,061.20","2,074.30","2,056.30","","0.27%"
"06/29/2015","2,057.60","2,098.60","2,098.60","2,056.60","","-2.09%"
"06/26/2015","2,101.50","2,102.60","2,108.90","2,095.40","","-0.04%"
"06/25/2015","2,102.30","2,110.00","2,116.00","2,101.80","","-0.30%"
"06/24/2015","2,108.60","2,123.70","2,125.10","2,108.60","","-0.73%"
"06/23/2015","2,124.20","2,123.20","2,128.00","2,119.90","","0.07%"
"06/22/2015","2,122.80","2,112.50","2,129.90","2,112.50","","0.61%"
"06/19/2015","2,110.00","2,121.10","2,121.60","2,109.40","","-0.53%"
"06/18/2015","2,121.20","2,101.60","2,126.70","2,101.60","","0.99%"
"06/17/2015","2,100.40","2,097.40","2,106.80","2,088.90","","0.20%"
"06/16/2015","2,096.30","2,084.30","2,097.40","2,082.10","","0.57%"
"06/15/2015","2,084.40","2,091.30","2,091.30","2,072.50","","-0.46%"
"06/12/2015","2,094.10","2,107.40","2,107.40","2,091.30","","-0.70%"
"06/11/2015","2,108.90","2,106.20","2,115.00","2,106.20","","0.18%"
"06/10/2015","2,105.20","2,081.10","2,108.50","2,081.10","","1.20%"
"06/09/2015","2,080.20","2,079.10","2,085.60","2,072.10","","0.04%"
"06/08/2015","2,079.30","2,092.30","2,093.00","2,079.10","","-0.65%"
"06/05/2015","2,092.80","2,095.10","2,101.00","2,085.70","","-0.14%"
"06/04/2015","2,095.80","2,112.30","2,112.90","2,093.20","","-0.87%"
"06/03/2015","2,114.10","2,110.60","2,121.90","2,109.60","","0.21%"
"06/02/2015","2,109.60","2,110.40","2,117.60","2,099.10","","-0.10%"
"06/01/2015","2,111.70","2,108.60","2,119.20","2,102.50","","0.20%"
"05/29/2015","2,107.40","2,120.70","2,120.70","2,104.90","","-0.63%"
"05/28/2015","2,120.80","2,122.30","2,122.30","2,112.90","","-0.13%"
"05/27/2015","2,123.50","2,105.10","2,126.20","2,105.10","","0.92%"
"05/26/2015","2,104.20","2,125.30","2,125.30","2,099.20","","-1.03%"
"05/22/2015","2,126.10","2,130.40","2,132.20","2,126.10","","-0.22%"
"05/21/2015","2,130.80","2,125.60","2,134.30","2,122.90","","0.24%"
"05/20/2015","2,125.80","2,127.80","2,134.70","2,122.60","","-0.09%"
"05/19/2015","2,127.80","2,129.40","2,133.00","2,124.50","","-0.07%"
"05/18/2015","2,129.20","2,121.30","2,131.80","2,120.00","","0.31%"
"05/15/2015","2,122.70","2,122.10","2,123.90","2,116.80","","0.08%"
"05/14/2015","2,121.10","2,100.40","2,121.40","2,100.40","","1.08%"
"05/13/2015","2,098.50","2,099.60","2,110.20","2,096.00","","-0.03%"
"05/12/2015","2,099.10","2,102.90","2,105.10","2,085.60","","-0.29%"
"05/11/2015","2,105.30","2,115.60","2,117.70","2,104.60","","-0.51%"
"05/08/2015","2,116.10","2,092.10","2,117.70","2,092.10","","1.35%"
"05/07/2015","2,088.00","2,080.00","2,092.90","2,075.00","","0.37%"
"05/06/2015","2,080.20","2,091.30","2,098.40","2,067.90","","-0.45%"
"05/05/2015","2,089.50","2,112.60","2,115.20","2,088.50","","-1.18%"
"05/04/2015","2,114.50","2,110.20","2,120.90","2,110.20","","0.29%"
"05/01/2015","2,108.30","2,087.40","2,108.40","2,087.40","","1.09%"
"04/30/2015","2,085.50","2,105.50","2,105.50","2,077.60","","-1.01%"
"04/29/2015","2,106.80","2,112.50","2,113.70","2,097.40","","-0.38%"
"04/28/2015","2,114.80","2,108.30","2,116.10","2,094.90","","0.28%"
"04/27/2015","2,108.90","2,119.30","2,125.90","2,107.00","","-0.42%"
"04/24/2015","2,117.70","2,112.80","2,120.90","2,112.80","","0.23%"
"04/23/2015","2,112.90","2,107.20","2,120.50","2,103.20","","0.23%"
"04/22/2015","2,108.00","2,098.30","2,110.00","2,091.10","","0.51%"
"04/21/2015","2,097.30","2,102.80","2,109.60","2,094.40","","-0.15%"
"04/20/2015","2,100.40","2,084.10","2,103.90","2,084.10","","0.92%"
"04/17/2015","2,081.20","2,102.60","2,102.60","2,072.40","","-1.13%"
"04/16/2015","2,105.00","2,106.00","2,111.30","2,100.00","","-0.08%"
"04/15/2015","2,106.60","2,097.80","2,111.90","2,097.80","","0.52%"
"04/14/2015","2,095.80","2,092.30","2,098.60","2,083.20","","0.16%"
"04/13/2015","2,092.40","2,102.00","2,107.70","2,092.30","","-0.46%"
"04/10/2015","2,102.10","2,091.50","2,102.60","2,091.50","","0.52%"
"04/09/2015","2,091.20","2,081.30","2,093.30","2,074.30","","0.45%"
"04/08/2015","2,081.90","2,076.90","2,086.70","2,073.30","","0.27%"
"04/07/2015","2,076.30","2,080.80","2,089.80","2,076.10","","-0.21%"
"04/06/2015","2,080.60","2,064.90","2,087.00","2,056.50","","0.66%"
"04/02/2015","2,067.00","2,060.00","2,072.20","2,057.30","","0.35%"
"04/01/2015","2,059.70","2,067.60","2,067.60","2,048.40","","-0.40%"
"03/31/2015","2,067.90","2,084.10","2,084.10","2,067.00","","-0.88%"
"03/30/2015","2,086.20","2,064.10","2,089.00","2,064.10","","1.22%"
"03/27/2015","2,061.00","2,055.80","2,062.80","2,053.00","","0.23%"
"03/26/2015","2,056.20","2,059.90","2,067.20","2,045.50","","-0.24%"
"03/25/2015","2,061.10","2,093.10","2,097.40","2,061.10","","-1.45%"
"03/24/2015","2,091.50","2,103.90","2,107.60","2,091.50","","-0.61%"
"03/23/2015","2,104.40","2,108.00","2,114.90","2,104.40","","-0.18%"
"03/20/2015","2,108.10","2,090.30","2,113.90","2,090.30","","0.90%"
"03/19/2015","2,089.30","2,098.70","2,098.70","2,085.60","","-0.49%"
"03/18/2015","2,099.50","2,072.80","2,106.80","2,061.20","","1.21%"
"03/17/2015","2,074.30","2,080.60","2,080.60","2,065.10","","-0.33%"
"03/16/2015","2,081.20","2,055.30","2,081.40","2,055.30","","1.35%"
"03/13/2015","2,053.40","2,064.60","2,064.60","2,041.20","","-0.61%"
"03/12/2015","2,065.90","2,041.10","2,066.40","2,041.10","","1.26%"
"03/11/2015","2,040.20","2,044.70","2,050.10","2,039.70","","-0.20%"
"03/10/2015","2,044.20","2,076.10","2,076.10","2,044.20","","-1.69%"
"03/09/2015","2,079.40","2,072.20","2,083.50","2,072.20","","0.39%"
"03/06/2015","2,071.30","2,100.90","2,100.90","2,067.30","","-1.41%"
"03/05/2015","2,101.00","2,098.50","2,104.20","2,095.20","","0.12%"
"03/04/2015","2,098.50","2,107.70","2,107.70","2,087.60","","-0.44%"
"03/03/2015","2,107.80","2,115.80","2,115.80","2,098.30","","-0.45%"
"03/02/2015","2,117.40","2,105.20","2,117.50","2,104.50","","0.61%"
"02/27/2015","2,104.50","2,110.90","2,112.70","2,103.80","","-0.29%"
"02/26/2015","2,110.70","2,113.90","2,113.90","2,103.80","","-0.15%"
"02/25/2015","2,113.90","2,115.30","2,119.60","2,109.90","","-0.08%"
"02/24/2015","2,115.50","2,109.10","2,117.90","2,105.90","","0.27%"
"02/23/2015","2,109.70","2,109.80","2,110.10","2,103.00","","-0.03%"
"02/20/2015","2,110.30","2,097.70","2,110.60","2,085.40","","0.62%"
"02/19/2015","2,097.40","2,099.20","2,102.10","2,090.80","","-0.11%"
"02/18/2015","2,099.70","2,099.20","2,100.20","2,092.20","","-0.03%"
"02/17/2015","2,100.30","2,096.50","2,101.30","2,089.80","","0.16%"
"02/13/2015","2,097.00","2,088.80","2,097.00","2,086.70","","0.41%"
"02/12/2015","2,088.50","2,070.00","2,088.50","2,070.00","","0.97%"
"02/11/2015","2,068.50","2,068.60","2,073.50","2,058.00","","0.00%"
"02/10/2015","2,068.60","2,049.40","2,070.90","2,048.60","","1.07%"
"02/09/2015","2,046.70","2,053.50","2,056.20","2,041.90","","-0.43%"
"02/06/2015","2,055.50","2,062.30","2,072.40","2,050.00","","-0.34%"
"02/05/2015","2,062.50","2,043.50","2,063.60","2,043.50","","1.03%"
"02/04/2015","2,041.50","2,048.90","2,054.70","2,036.70","","-0.41%"
"02/03/2015","2,050.00","2,022.70","2,050.30","2,022.70","","1.44%"
"02/02/2015","2,020.80","1,996.70","2,021.70","1,980.90","","1.29%"
"01/30/2015","1,995.00","2,019.30","2,023.30","1,993.40","","-1.30%"
"01/29/2015","2,021.20","2,002.50","2,024.60","1,989.20","","0.95%"
"01/28/2015","2,002.20","2,032.30","2,042.50","2,001.50","","-1.35%"
"01/27/2015","2,029.50","2,047.90","2,047.90","2,019.90","","-1.34%"
"01/26/2015","2,057.10","2,050.40","2,057.60","2,041.00","","0.26%"
"01/23/2015","2,051.80","2,063.00","2,063.00","2,050.50","","-0.55%"
"01/22/2015","2,063.20","2,034.30","2,064.60","2,026.40","","1.53%"
"01/21/2015","2,032.10","2,020.20","2,038.30","2,012.00","","0.47%"
"01/20/2015","2,022.50","2,020.80","2,028.90","2,004.50","","0.15%"
"01/16/2015","2,019.40","1,992.20","2,020.50","1,988.10","","1.34%"
"01/15/2015","1,992.70","2,013.80","2,021.30","1,991.50","","-0.92%"
"01/14/2015","2,011.30","2,018.40","2,018.40","1,988.40","","-0.58%"
"01/13/2015","2,023.00","2,031.60","2,056.90","2,008.20","","-0.26%"
"01/12/2015","2,028.30","2,046.10","2,049.30","2,022.60","","-0.81%"
"01/09/2015","2,044.80","2,063.40","2,064.40","2,038.30","","-0.84%"
"01/08/2015","2,062.10","2,030.60","2,064.10","2,030.60","","1.79%"
"01/07/2015","2,025.90","2,005.50","2,029.60","2,005.50","","1.16%"
"01/06/2015","2,002.60","2,022.20","2,030.20","1,992.40","","-0.89%"
"01/05/2015","2,020.60","2,054.40","2,054.40","2,017.30","","-1.83%"
"01/02/2015","2,058.20","2,058.90","2,072.40","2,046.00","","-0.03%"
"12/31/2014","2,058.90","2,082.10","2,085.60","2,057.90","","-1.03%"
"12/30/2014","2,080.30","2,088.50","2,088.50","2,079.50","","-0.49%"
"12/29/2014","2,090.60","2,087.60","2,093.60","2,085.80","","0.09%"
"12/26/2014","2,088.80","2,084.30","2,092.70","2,084.30","","0.33%"
"12/24/2014","2,081.90","2,083.20","2,087.60","2,081.90","","-0.01%"
"12/23/2014","2,082.20","2,081.50","2,086.70","2,079.80","","0.18%"
"12/22/2014","2,078.50","2,069.30","2,078.80","2,069.30","","0.38%"
"12/19/2014","2,070.70","2,061.00","2,077.80","2,061.00","","0.46%"
"12/18/2014","2,061.20","2,019.00","2,061.20","2,019.00","","2.40%"
"12/17/2014","2,012.90","1,973.80","2,016.80","1,973.80","","2.04%"
"12/16/2014","1,972.70","1,986.70","2,016.90","1,972.60","","-0.85%"
"12/15/2014","1,989.60","2,005.00","2,018.70","1,982.30","","-0.63%"
"12/12/2014","2,002.30","2,030.40","2,032.20","2,002.30","","-1.62%"
"12/11/2014","2,035.30","2,027.90","2,055.50","2,027.90","","0.45%"
"12/10/2014","2,026.10","2,058.90","2,058.90","2,024.30","","-1.64%"
"12/09/2014","2,059.80","2,056.60","2,060.60","2,034.20","","-0.02%"
"12/08/2014","2,060.30","2,074.80","2,075.80","2,054.30","","-0.73%"
"12/05/2014","2,075.40","2,072.80","2,079.50","2,070.80","","0.17%"
"12/04/2014","2,071.90","2,073.60","2,077.30","2,062.30","","-0.12%"
"12/03/2014","2,074.30","2,067.40","2,076.30","2,066.70","","0.37%"
"12/02/2014","2,066.60","2,053.80","2,068.80","2,053.80","","0.64%"
"12/01/2014","2,053.40","2,065.80","2,065.80","2,049.60","","-0.69%"
"11/28/2014","2,067.60","2,074.80","2,075.80","2,065.10","","-0.25%"
"11/26/2014","2,072.80","2,067.40","2,073.30","2,066.60","","0.28%"
"11/25/2014","2,067.00","2,070.20","2,074.20","2,064.80","","-0.12%"
"11/24/2014","2,069.40","2,065.10","2,070.20","2,065.10","","0.29%"
"11/21/2014","2,063.50","2,057.50","2,071.50","2,056.80","","0.52%"
"11/20/2014","2,052.80","2,045.90","2,053.80","2,040.50","","0.20%"
"11/19/2014","2,048.70","2,051.20","2,052.10","2,040.40","","-0.15%"
"11/18/2014","2,051.80","2,041.50","2,056.10","2,041.50","","0.51%"
"11/17/2014","2,041.30","2,038.30","2,043.10","2,034.50","","0.07%"
"11/14/2014","2,039.80","2,039.70","2,042.20","2,035.20","","0.02%"
"11/13/2014","2,039.30","2,039.20","2,046.20","2,030.40","","0.05%"
"11/12/2014","2,038.20","2,037.80","2,040.30","2,032.00","","-0.07%"
"11/11/2014","2,039.70","2,038.20","2,041.30","2,035.30","","0.07%"
"11/10/2014","2,038.30","2,032.00","2,038.70","2,030.20","","0.31%"
"11/07/2014","2,031.90","2,032.40","2,034.30","2,025.10","","0.03%"
"11/06/2014","2,031.20","2,023.30","2,031.60","2,015.90","","0.38%"
"11/05/2014","2,023.60","2,015.30","2,023.80","2,014.40","","0.57%"
"11/04/2014","2,012.10","2,015.80","2,016.00","2,001.00","","-0.28%"
"11/03/2014","2,017.80","2,018.20","2,024.50","2,013.70","","-0.01%"
"10/31/2014","2,018.00","2,001.20","2,018.20","2,001.20","","1.17%"
"10/30/2014","1,994.70","1,979.50","1,999.40","1,974.80","","0.63%"
"10/29/2014","1,982.30","1,983.30","1,991.40","1,969.00","","-0.14%"
"10/28/2014","1,985.00","1,964.10","1,985.00","1,964.10","","1.19%"
"10/27/2014","1,961.60","1,963.00","1,964.60","1,951.40","","-0.15%"
"10/24/2014","1,964.60","1,951.60","1,965.30","1,946.30","","0.71%"
"10/23/2014","1,950.80","1,931.00","1,962.00","1,931.00","","1.23%"
"10/22/2014","1,927.10","1,941.30","1,949.30","1,926.80","","-0.73%"
"10/21/2014","1,941.30","1,909.40","1,942.50","1,909.40","","1.96%"
"10/20/2014","1,904.00","1,885.60","1,905.00","1,882.30","","0.91%"
"10/17/2014","1,886.80","1,864.90","1,898.20","1,864.90","","1.29%"
"10/16/2014","1,862.80","1,856.00","1,876.00","1,835.00","","0.02%"
"10/15/2014","1,862.50","1,874.20","1,874.20","1,820.70","","-0.81%"
"10/14/2014","1,877.70","1,877.10","1,898.70","1,871.80","","0.16%"
"10/13/2014","1,874.70","1,905.70","1,912.10","1,874.10","","-1.65%"
"10/10/2014","1,906.10","1,925.60","1,937.00","1,906.00","","-1.15%"
"10/09/2014","1,928.20","1,967.70","1,967.70","1,927.60","","-2.07%"
"10/08/2014","1,968.90","1,935.50","1,970.40","1,925.20","","1.75%"
"10/07/2014","1,935.10","1,962.40","1,962.40","1,934.90","","-1.51%"
"10/06/2014","1,964.80","1,970.00","1,977.80","1,958.40","","-0.16%"
"10/03/2014","1,967.90","1,948.10","1,971.20","1,948.10","","1.11%"
"10/02/2014","1,946.20","1,945.80","1,952.30","1,926.00","","0.00%"
"10/01/2014","1,946.20","1,971.40","1,971.40","1,941.70","","-1.32%"
"09/30/2014","1,972.30","1,978.20","1,985.20","1,969.00","","-0.28%"
"09/29/2014","1,977.80","1,979.00","1,981.30","1,964.00","","-0.25%"
"09/26/2014","1,982.80","1,966.20","1,986.40","1,966.20","","0.85%"
"09/25/2014","1,966.00","1,997.30","1,997.30","1,966.00","","-1.62%"
"09/24/2014","1,998.30","1,983.30","1,999.80","1,978.60","","0.78%"
"09/23/2014","1,982.80","1,992.80","1,995.40","1,982.80","","-0.58%"
"09/22/2014","1,994.30","2,009.10","2,009.10","1,991.00","","-0.80%"
"09/19/2014","2,010.40","2,012.70","2,019.30","2,006.60","","-0.05%"
"09/18/2014","2,011.40","2,003.10","2,012.30","2,003.10","","0.49%"
"09/17/2014","2,001.60","1,999.30","2,010.70","1,993.30","","0.13%"
"09/16/2014","1,999.00","1,981.90","2,002.30","1,979.10","","0.75%"
"09/15/2014","1,984.10","1,986.00","1,987.20","1,978.50","","-0.07%"
"09/12/2014","1,985.50","1,996.70","1,996.70","1,980.30","","-0.60%"
"09/11/2014","1,997.50","1,992.80","1,997.70","1,985.90","","0.09%"
"09/10/2014","1,995.70","1,988.40","1,996.70","1,983.00","","0.37%"
"09/09/2014","1,988.40","2,000.70","2,001.00","1,984.60","","-0.65%"
"09/08/2014","2,001.50","2,007.20","2,007.20","1,995.60","","-0.31%"
"09/05/2014","2,007.70","1,998.00","2,007.70","1,990.10","","0.50%"
"09/04/2014","1,997.70","2,001.70","2,011.20","1,992.50","","-0.15%"
"09/03/2014","2,000.70","2,003.60","2,009.30","1,998.10","","-0.08%"
"09/02/2014","2,002.30","2,004.10","2,006.10","1,994.80","","-0.05%"
"08/29/2014","2,003.40","1,998.50","2,003.40","1,994.70","","0.34%"
"08/28/2014","1,996.70","1,997.40","1,998.50","1,990.50","","-0.17%"
"08/27/2014","2,000.10","2,000.50","2,002.10","1,996.20","","0.00%"
"08/26/2014","2,000.00","1,998.60","2,005.00","1,998.60","","0.11%"
"08/25/2014","1,997.90","1,991.70","2,002.00","1,991.70","","0.48%"
"08/22/2014","1,988.40","1,992.60","1,993.50","1,984.80","","-0.20%"
"08/21/2014","1,992.40","1,986.80","1,994.80","1,986.80","","0.30%"
"08/20/2014","1,986.50","1,980.50","1,988.60","1,977.70","","0.25%"
"08/19/2014","1,981.60","1,972.70","1,982.60","1,972.70","","0.50%"
"08/18/2014","1,971.70","1,958.40","1,972.00","1,958.40","","0.85%"
"08/15/2014","1,955.10","1,958.90","1,964.00","1,941.50","","-0.01%"
"08/14/2014","1,955.20","1,947.40","1,955.20","1,947.40","","0.44%"
"08/13/2014","1,946.70","1,935.60","1,948.40","1,935.60","","0.67%"
"08/12/2014","1,933.80","1,935.70","1,939.70","1,928.30","","-0.16%"
"08/11/2014","1,936.90","1,933.40","1,944.90","1,933.40","","0.27%"
"08/08/2014","1,931.60","1,910.30","1,932.40","1,909.00","","1.15%"
"08/07/2014","1,909.60","1,923.00","1,928.90","1,904.80","","-0.55%"
"08/06/2014","1,920.20","1,917.30","1,927.90","1,911.50","","0.00%"
"08/05/2014","1,920.20","1,936.30","1,936.30","1,913.80","","-0.97%"
"08/04/2014","1,939.00","1,926.60","1,942.90","1,921.20","","0.72%"
"08/01/2014","1,925.20","1,929.80","1,937.30","1,916.40","","-0.28%"
"07/31/2014","1,930.70","1,965.10","1,965.10","1,930.70","","-2.00%"
"07/30/2014","1,970.10","1,973.20","1,978.90","1,962.40","","0.01%"
"07/29/2014","1,970.00","1,980.00","1,984.80","1,970.00","","-0.45%"
"07/28/2014","1,978.90","1,978.20","1,981.50","1,967.30","","0.03%"
"07/25/2014","1,978.30","1,984.60","1,984.60","1,974.40","","-0.49%"
"07/24/2014","1,988.00","1,988.10","1,991.40","1,985.80","","0.05%"
"07/23/2014","1,987.00","1,985.30","1,989.20","1,982.40","","0.18%"
"07/22/2014","1,983.50","1,975.70","1,986.20","1,975.70","","0.50%"
"07/21/2014","1,973.60","1,976.90","1,976.90","1,965.80","","-0.23%"
"07/18/2014","1,978.20","1,961.50","1,979.90","1,960.80","","1.03%"
"07/17/2014","1,958.10","1,979.80","1,981.80","1,955.60","","-1.19%"
"07/16/2014","1,981.60","1,976.30","1,983.90","1,975.70","","0.42%"
"07/15/2014","1,973.30","1,977.40","1,982.50","1,965.30","","-0.19%"
"07/14/2014","1,977.10","1,969.90","1,979.80","1,969.90","","0.48%"
"07/11/2014","1,967.60","1,965.80","1,968.70","1,959.60","","0.15%"
"07/10/2014","1,964.70","1,966.70","1,969.80","1,952.90","","-0.41%"
"07/09/2014","1,972.80","1,965.10","1,974.20","1,965.10","","0.46%"
"07/08/2014","1,963.70","1,976.40","1,976.40","1,959.50","","-0.71%"
"07/07/2014","1,977.70","1,984.20","1,984.20","1,974.90","","-0.39%"
"07/03/2014","1,985.40","1,975.90","1,985.60","1,975.90","","0.55%"
"07/02/2014","1,974.60","1,973.10","1,976.70","1,972.60","","0.07%"
"07/01/2014","1,973.30","1,962.30","1,978.60","1,962.30","","0.67%"
"06/30/2014","1,960.20","1,960.80","1,964.20","1,958.20","","-0.04%"
"06/27/2014","1,961.00","1,956.60","1,961.50","1,952.20","","0.19%"
"06/26/2014","1,957.20","1,959.90","1,959.90","1,944.70","","-0.12%"
"06/25/2014","1,959.50","1,949.30","1,960.80","1,947.50","","0.49%"
"06/24/2014","1,950.00","1,962.00","1,968.20","1,948.30","","-0.64%"
"06/23/2014","1,962.60","1,962.90","1,963.70","1,958.90","","-0.02%"
"06/20/2014","1,962.90","1,960.50","1,963.90","1,959.20","","0.17%"
"06/19/2014","1,959.50","1,957.50","1,959.90","1,952.30","","0.13%"
"06/18/2014","1,957.00","1,942.70","1,957.70","1,939.30","","0.77%"
"06/17/2014","1,942.00","1,937.20","1,943.70","1,933.50","","0.22%"
"06/16/2014","1,937.80","1,934.80","1,941.20","1,930.90","","0.08%"
"06/13/2014","1,936.20","1,930.80","1,937.30","1,927.70","","0.32%"
"06/12/2014","1,930.10","1,943.30","1,943.30","1,925.80","","-0.71%"
"06/11/2014","1,943.90","1,949.40","1,949.40","1,940.10","","-0.35%"
"06/10/2014","1,950.80","1,950.30","1,950.90","1,944.60","","-0.03%"
"06/09/2014","1,951.30","1,949.00","1,955.50","1,947.20","","0.10%"
"06/06/2014","1,949.40","1,942.40","1,949.40","1,942.40","","0.46%"
"06/05/2014","1,940.50","1,928.50","1,941.70","1,922.90","","0.65%"
"06/04/2014","1,927.90","1,923.10","1,928.60","1,918.60","","0.19%"
"06/03/2014","1,924.20","1,923.10","1,925.10","1,918.80","","-0.04%"
"06/02/2014","1,925.00","1,923.90","1,925.90","1,916.00","","0.07%"
"05/30/2014","1,923.60","1,920.30","1,924.00","1,916.60","","0.19%"
"05/29/2014","1,920.00","1,910.60","1,920.00","1,909.80","","0.53%"
"05/28/2014","1,909.80","1,911.80","1,914.50","1,907.30","","-0.11%"
"05/27/2014","1,911.90","1,902.00","1,912.30","1,902.00","","0.60%"
"05/23/2014","1,900.50","1,893.30","1,901.30","1,893.30","","0.42%"
"05/22/2014","1,892.50","1,888.20","1,896.30","1,885.40","","0.24%"
"05/21/2014","1,888.00","1,873.30","1,888.80","1,873.30","","0.81%"
"05/20/2014","1,872.80","1,884.90","1,884.90","1,868.10","","-0.65%"
"05/19/2014","1,885.10","1,876.70","1,886.00","1,872.40","","0.38%"
"05/16/2014","1,877.90","1,871.20","1,878.30","1,864.80","","0.38%"
"05/15/2014","1,870.80","1,888.20","1,888.20","1,862.40","","-0.94%"
"05/14/2014","1,888.50","1,897.10","1,897.10","1,885.80","","-0.47%"
"05/13/2014","1,897.50","1,896.80","1,902.20","1,896.10","","0.04%"
"05/12/2014","1,896.70","1,880.00","1,897.10","1,880.00","","0.97%"
"05/09/2014","1,878.50","1,875.30","1,878.60","1,867.00","","0.15%"
"05/08/2014","1,875.60","1,877.40","1,889.10","1,870.00","","-0.14%"
"05/07/2014","1,878.20","1,868.50","1,878.80","1,859.80","","0.56%"
"05/06/2014","1,867.70","1,883.70","1,883.70","1,867.70","","-0.90%"
"05/05/2014","1,884.70","1,879.50","1,885.50","1,866.80","","0.19%"
"05/02/2014","1,881.10","1,885.30","1,891.30","1,878.50","","-0.14%"
"05/01/2014","1,883.70","1,884.40","1,888.60","1,878.00","","-0.02%"
"04/30/2014","1,884.00","1,877.10","1,885.20","1,872.70","","0.30%"
"04/29/2014","1,878.30","1,870.80","1,880.60","1,870.80","","0.48%"
"04/28/2014","1,869.40","1,865.00","1,877.00","1,850.60","","0.32%"
"04/25/2014","1,863.40","1,877.70","1,877.70","1,859.70","","-0.81%"
"04/24/2014","1,878.60","1,882.00","1,884.10","1,870.20","","0.17%"
"04/23/2014","1,875.40","1,879.30","1,879.80","1,873.90","","-0.22%"
"04/22/2014","1,879.50","1,872.60","1,884.90","1,872.60","","0.41%"
"04/21/2014","1,871.90","1,865.80","1,871.90","1,863.20","","0.38%"
"04/17/2014","1,864.80","1,861.70","1,869.60","1,856.70","","0.13%"
"04/16/2014","1,862.30","1,846.00","1,862.30","1,846.00","","1.05%"
"04/15/2014","1,843.00","1,831.50","1,844.00","1,816.30","","0.68%"
"04/14/2014","1,830.60","1,818.20","1,834.20","1,815.80","","0.82%"
"04/11/2014","1,815.70","1,830.70","1,835.10","1,814.40","","-0.95%"
"04/10/2014","1,833.10","1,872.30","1,872.50","1,830.90","","-2.09%"
"04/09/2014","1,872.20","1,852.60","1,872.40","1,852.40","","1.09%"
"04/08/2014","1,852.00","1,845.50","1,855.00","1,837.50","","0.38%"
"04/07/2014","1,845.00","1,863.90","1,864.00","1,841.50","","-1.08%"
"04/04/2014","1,865.10","1,890.20","1,897.30","1,863.30","","-1.25%"
"04/03/2014","1,888.80","1,891.40","1,893.80","1,882.70","","-0.11%"
"04/02/2014","1,890.90","1,886.60","1,893.20","1,883.80","","0.29%"
"04/01/2014","1,885.50","1,874.00","1,885.80","1,874.00","","0.71%"
"03/31/2014","1,872.30","1,859.20","1,875.20","1,859.20","","0.79%"
"03/28/2014","1,857.60","1,850.10","1,866.60","1,850.10","","0.47%"
"03/27/2014","1,849.00","1,852.10","1,855.50","1,842.10","","-0.19%"
"03/26/2014","1,852.60","1,867.10","1,875.90","1,852.60","","-0.70%"
"03/25/2014","1,865.60","1,859.50","1,871.90","1,856.00","","0.44%"
"03/24/2014","1,857.40","1,867.70","1,873.30","1,849.70","","-0.49%"
"03/21/2014","1,866.50","1,874.50","1,884.00","1,863.50","","-0.29%"
"03/20/2014","1,872.00","1,860.10","1,873.50","1,854.60","","0.60%"
"03/19/2014","1,860.80","1,872.20","1,874.10","1,850.30","","-0.61%"
"03/18/2014","1,872.20","1,858.90","1,873.80","1,858.90","","0.72%"
"03/17/2014","1,858.80","1,842.80","1,862.30","1,842.80","","0.96%"
"03/14/2014","1,841.10","1,845.10","1,852.40","1,839.60","","-0.28%"
"03/13/2014","1,846.30","1,869.10","1,874.40","1,841.90","","-1.17%"
"03/12/2014","1,868.20","1,866.20","1,868.40","1,854.40","","0.03%"
"03/11/2014","1,867.60","1,878.30","1,882.30","1,863.90","","-0.51%"
"03/10/2014","1,877.20","1,877.90","1,877.90","1,867.00","","-0.04%"
"03/07/2014","1,878.00","1,878.50","1,883.60","1,870.60","","0.05%"
"03/06/2014","1,877.00","1,874.20","1,881.90","1,874.20","","0.17%"
"03/05/2014","1,873.80","1,874.00","1,876.50","1,871.10","","-0.01%"
"03/04/2014","1,873.90","1,849.20","1,876.20","1,849.20","","1.53%"
"03/03/2014","1,845.70","1,857.70","1,857.70","1,834.40","","-0.74%"
"02/28/2014","1,859.50","1,855.10","1,867.90","1,847.70","","0.28%"
"02/27/2014","1,854.30","1,844.90","1,854.50","1,841.10","","0.49%"
"02/26/2014","1,845.20","1,845.80","1,852.70","1,840.70","","0.01%"
"02/25/2014","1,845.10","1,847.70","1,852.90","1,840.20","","-0.14%"
"02/24/2014","1,847.60","1,836.80","1,858.70","1,836.80","","0.62%"
"02/21/2014","1,836.20","1,841.10","1,846.10","1,835.60","","-0.20%"
"02/20/2014","1,839.80","1,829.20","1,842.80","1,824.60","","0.60%"
"02/19/2014","1,828.80","1,838.90","1,847.50","1,827.00","","-0.65%"
"02/18/2014","1,840.80","1,839.00","1,842.90","1,835.00","","0.12%"
"02/14/2014","1,838.60","1,828.50","1,841.70","1,825.60","","0.48%"
"02/13/2014","1,829.80","1,814.80","1,830.20","1,809.20","","0.58%"
"02/12/2014","1,819.30","1,820.10","1,826.50","1,816.00","","-0.03%"
"02/11/2014","1,819.80","1,800.50","1,823.50","1,800.40","","1.11%"
"02/10/2014","1,799.80","1,796.20","1,799.90","1,791.80","","0.16%"
"02/07/2014","1,797.00","1,776.00","1,798.00","1,776.00","","1.33%"
"02/06/2014","1,773.40","1,753.00","1,774.10","1,753.00","","1.24%"
"02/05/2014","1,751.60","1,753.40","1,755.80","1,737.90","","-0.21%"
"02/04/2014","1,755.20","1,743.80","1,758.70","1,743.80","","0.76%"
"02/03/2014","1,741.90","1,782.70","1,784.80","1,739.70","","-2.28%"
"01/31/2014","1,782.60","1,790.90","1,793.90","1,772.30","","-0.65%"
"01/30/2014","1,794.20","1,777.20","1,798.80","1,777.20","","1.13%"
"01/29/2014","1,774.20","1,790.20","1,790.20","1,770.50","","-1.02%"
"01/28/2014","1,792.50","1,783.00","1,793.90","1,779.50","","0.61%"
"01/27/2014","1,781.60","1,791.00","1,796.00","1,772.90","","-0.49%"
"01/24/2014","1,790.30","1,827.00","1,827.00","1,790.30","","-2.09%"
"01/23/2014","1,828.50","1,842.30","1,842.30","1,820.10","","-0.89%"
"01/22/2014","1,844.90","1,844.70","1,846.90","1,840.90","","0.06%"
"01/21/2014","1,843.80","1,841.00","1,849.30","1,832.40","","0.28%"
"01/17/2014","1,838.70","1,844.20","1,846.00","1,835.20","","-0.39%"
"01/16/2014","1,845.90","1,848.00","1,848.00","1,840.30","","-0.14%"
"01/15/2014","1,848.40","1,840.50","1,850.80","1,840.50","","0.52%"
"01/14/2014","1,838.90","1,821.40","1,839.30","1,821.40","","1.08%"
"01/13/2014","1,819.20","1,841.30","1,843.50","1,815.50","","-1.26%"
"01/10/2014","1,842.40","1,840.10","1,843.20","1,832.40","","0.23%"
"01/09/2014","1,838.10","1,839.00","1,843.20","1,830.40","","0.03%"
"01/08/2014","1,837.50","1,837.90","1,840.00","1,831.40","","-0.02%"
"01/07/2014","1,837.90","1,828.70","1,840.10","1,828.70","","0.61%"
"01/06/2014","1,826.80","1,832.30","1,837.20","1,823.70","","-0.25%"
"01/03/2014","1,831.40","1,833.20","1,838.20","1,829.10","","-0.03%"
"01/02/2014","1,832.00","1,845.90","1,845.90","1,827.70","","-0.89%"
"12/31/2013","1,848.40","1,842.60","1,849.40","1,842.40","","0.40%"
"12/30/2013","1,841.10","1,841.50","1,842.50","1,838.80","","-0.02%"
"12/27/2013","1,841.40","1,843.00","1,844.90","1,839.80","","-0.03%"
"12/26/2013","1,842.00","1,835.00","1,842.80","1,835.00","","0.47%"
"12/24/2013","1,833.30","1,828.00","1,833.30","1,828.00","","0.29%"
"12/23/2013","1,828.00","1,822.90","1,829.80","1,822.90","","0.53%"
"12/20/2013","1,818.30","1,810.40","1,823.80","1,810.20","","0.48%"
"12/19/2013","1,809.60","1,809.00","1,810.90","1,801.30","","-0.06%"
"12/18/2013","1,810.70","1,781.50","1,811.10","1,768.00","","1.67%"
"12/17/2013","1,781.00","1,786.50","1,786.80","1,777.00","","-0.31%"
"12/16/2013","1,786.50","1,777.50","1,792.20","1,777.50","","0.63%"
"12/13/2013","1,775.30","1,778.00","1,780.90","1,772.50","","-0.01%"
"12/12/2013","1,775.50","1,781.70","1,783.00","1,772.30","","-0.38%"
"12/11/2013","1,782.20","1,802.80","1,803.00","1,780.10","","-1.13%"
"12/10/2013","1,802.60","1,807.60","1,808.50","1,801.80","","-0.32%"
"12/09/2013","1,808.40","1,806.20","1,811.50","1,806.20","","0.18%"
"12/06/2013","1,805.10","1,788.40","1,806.00","1,788.40","","1.13%"
"12/05/2013","1,785.00","1,792.80","1,792.80","1,783.40","","-0.44%"
"12/04/2013","1,792.80","1,793.20","1,799.80","1,779.10","","-0.13%"
"12/03/2013","1,795.20","1,800.10","1,800.10","1,787.80","","-0.32%"
"12/02/2013","1,800.90","1,806.50","1,810.00","1,798.60","","-0.27%"
"11/29/2013","1,805.80","1,808.70","1,813.50","1,804.00","","-0.08%"
"11/27/2013","1,807.20","1,803.50","1,808.30","1,802.80","","0.24%"
"11/26/2013","1,802.80","1,802.90","1,808.40","1,800.80","","0.02%"
"11/25/2013","1,802.50","1,806.30","1,808.10","1,800.60","","-0.13%"
"11/22/2013","1,804.80","1,797.20","1,804.80","1,794.70","","0.50%"
"11/21/2013","1,795.80","1,783.50","1,797.20","1,783.50","","0.81%"
"11/20/2013","1,781.40","1,789.60","1,795.70","1,777.20","","-0.36%"
"11/19/2013","1,787.90","1,790.80","1,795.50","1,784.70","","-0.20%"
"11/18/2013","1,791.50","1,798.80","1,802.30","1,788.00","","-0.37%"
"11/15/2013","1,798.20","1,790.70","1,798.20","1,790.70","","0.42%"
"11/14/2013","1,790.60","1,782.80","1,791.50","1,780.20","","0.48%"
"11/13/2013","1,782.00","1,764.40","1,782.00","1,760.60","","0.81%"
"11/12/2013","1,767.70","1,769.50","1,771.80","1,762.30","","-0.24%"
"11/11/2013","1,771.90","1,770.00","1,773.40","1,767.80","","0.07%"
"11/08/2013","1,770.60","1,748.40","1,770.80","1,747.60","","1.34%"
"11/07/2013","1,747.20","1,770.70","1,774.50","1,746.20","","-1.32%"
"11/06/2013","1,770.50","1,765.00","1,773.70","1,764.40","","0.43%"
"11/05/2013","1,763.00","1,765.70","1,767.00","1,755.80","","-0.28%"
"11/04/2013","1,767.90","1,763.40","1,768.80","1,761.60","","0.36%"
"11/01/2013","1,761.60","1,758.70","1,765.70","1,752.70","","0.29%"
"10/31/2013","1,756.50","1,763.20","1,768.50","1,755.70","","-0.39%"
"10/30/2013","1,763.30","1,772.30","1,775.20","1,757.20","","-0.49%"
"10/29/2013","1,772.00","1,762.90","1,772.10","1,762.90","","0.56%"
"10/28/2013","1,762.10","1,759.40","1,765.00","1,757.70","","0.13%"
"10/25/2013","1,759.80","1,756.00","1,759.80","1,752.50","","0.44%"
"10/24/2013","1,752.10","1,747.50","1,753.90","1,745.50","","0.33%"
"10/23/2013","1,746.40","1,752.30","1,752.30","1,740.50","","-0.47%"
"10/22/2013","1,754.70","1,746.50","1,759.30","1,746.50","","0.57%"
"10/21/2013","1,744.70","1,745.20","1,747.80","1,740.70","","0.01%"
"10/18/2013","1,744.50","1,736.70","1,745.30","1,735.70","","0.65%"
"10/17/2013","1,733.20","1,720.20","1,733.50","1,714.10","","0.68%"
"10/16/2013","1,721.50","1,700.50","1,721.80","1,700.50","","1.38%"
"10/15/2013","1,698.10","1,709.20","1,711.60","1,695.90","","-0.70%"
"10/14/2013","1,710.10","1,699.90","1,711.00","1,692.10","","0.41%"
"10/11/2013","1,703.20","1,691.10","1,703.40","1,688.50","","0.63%"
"10/10/2013","1,692.60","1,660.90","1,692.60","1,660.90","","2.19%"
"10/09/2013","1,656.40","1,657.00","1,662.50","1,646.50","","0.05%"
"10/08/2013","1,655.50","1,676.20","1,676.80","1,655.00","","-1.23%"
"10/07/2013","1,676.10","1,687.20","1,687.20","1,674.70","","-0.85%"
"10/04/2013","1,690.50","1,678.80","1,691.90","1,677.30","","0.70%"
"10/03/2013","1,678.70","1,692.30","1,692.30","1,670.40","","-0.90%"
"10/02/2013","1,693.90","1,691.90","1,693.90","1,680.30","","-0.06%"
"10/01/2013","1,695.00","1,682.40","1,696.50","1,682.10","","0.80%"
"09/30/2013","1,681.50","1,687.30","1,687.30","1,675.00","","-0.61%"
"09/27/2013","1,691.80","1,695.50","1,695.50","1,687.10","","-0.41%"
"09/26/2013","1,698.70","1,694.00","1,703.80","1,693.10","","0.35%"
"09/25/2013","1,692.80","1,698.00","1,701.70","1,691.90","","-0.27%"
"09/24/2013","1,697.40","1,702.60","1,707.60","1,694.90","","-0.26%"
"09/23/2013","1,701.80","1,711.40","1,711.40","1,697.10","","-0.47%"
"09/20/2013","1,709.90","1,722.40","1,725.20","1,708.90","","-0.72%"
"09/19/2013","1,722.30","1,727.30","1,729.90","1,720.20","","-0.19%"
"09/18/2013","1,725.50","1,705.70","1,729.40","1,700.30","","1.21%"
"09/17/2013","1,704.80","1,697.70","1,705.50","1,697.70","","0.42%"
"09/16/2013","1,697.60","1,691.70","1,705.00","1,691.70","","0.57%"
"09/13/2013","1,688.00","1,685.00","1,688.70","1,682.20","","0.27%"
"09/12/2013","1,683.40","1,689.20","1,690.00","1,682.00","","-0.34%"
"09/11/2013","1,689.10","1,681.00","1,689.10","1,678.70","","0.30%"
"09/10/2013","1,684.00","1,674.30","1,684.10","1,674.30","","0.74%"
"09/09/2013","1,671.70","1,656.80","1,672.40","1,656.80","","1.00%"
"09/06/2013","1,655.20","1,657.40","1,664.80","1,640.60","","0.01%"
"09/05/2013","1,655.10","1,653.30","1,659.20","1,653.10","","0.12%"
"09/04/2013","1,653.10","1,640.70","1,655.70","1,637.40","","0.81%"
"09/03/2013","1,639.80","1,636.00","1,651.30","1,633.40","","0.42%"
"08/30/2013","1,633.00","1,638.90","1,640.10","1,628.00","","-0.32%"
"08/29/2013","1,638.20","1,633.50","1,646.40","1,630.90","","0.20%"
"08/28/2013","1,635.00","1,630.20","1,641.20","1,627.50","","0.28%"
"08/27/2013","1,630.50","1,652.50","1,652.50","1,629.00","","-1.59%"
"08/26/2013","1,656.80","1,664.30","1,669.50","1,656.00","","-0.40%"
"08/23/2013","1,663.50","1,659.90","1,664.80","1,654.80","","0.39%"
"08/22/2013","1,657.00","1,645.00","1,659.50","1,645.00","","0.86%"
"08/21/2013","1,642.80","1,650.70","1,657.00","1,639.40","","-0.57%"
"08/20/2013","1,652.30","1,646.80","1,658.90","1,646.10","","0.38%"
"08/19/2013","1,646.10","1,655.20","1,659.20","1,645.80","","-0.59%"
"08/16/2013","1,655.80","1,661.20","1,663.60","1,652.60","","-0.33%"
"08/15/2013","1,661.30","1,679.60","1,679.60","1,658.60","","-1.43%"
"08/14/2013","1,685.40","1,693.90","1,695.50","1,684.80","","-0.52%"
"08/13/2013","1,694.20","1,690.70","1,696.80","1,682.60","","0.28%"
"08/12/2013","1,689.50","1,688.40","1,691.50","1,683.30","","-0.11%"
"08/09/2013","1,691.40","1,696.10","1,699.40","1,686.00","","-0.36%"
"08/08/2013","1,697.50","1,693.30","1,700.20","1,688.40","","0.39%"
"08/07/2013","1,690.90","1,695.30","1,695.30","1,684.90","","-0.38%"
"08/06/2013","1,697.40","1,705.80","1,705.80","1,693.30","","-0.57%"
"08/05/2013","1,707.10","1,708.00","1,709.20","1,703.50","","-0.15%"
"08/02/2013","1,709.70","1,706.10","1,709.70","1,700.70","","0.16%"
"08/01/2013","1,706.90","1,689.40","1,707.80","1,689.40","","1.26%"
"07/31/2013","1,685.70","1,687.80","1,698.40","1,684.90","","-0.02%"
"07/30/2013","1,686.00","1,687.90","1,693.20","1,682.40","","0.04%"
"07/29/2013","1,685.30","1,690.30","1,690.90","1,681.90","","-0.38%"
"07/26/2013","1,691.70","1,687.30","1,691.80","1,676.00","","0.09%"
"07/25/2013","1,690.20","1,685.20","1,690.90","1,680.10","","0.26%"
"07/24/2013","1,685.90","1,696.10","1,698.40","1,682.60","","-0.38%"
"07/23/2013","1,692.40","1,696.60","1,698.80","1,691.10","","-0.18%"
"07/22/2013","1,695.50","1,694.40","1,697.60","1,690.70","","0.20%"
"07/19/2013","1,692.10","1,686.20","1,692.10","1,684.10","","0.16%"
"07/18/2013","1,689.40","1,681.00","1,693.10","1,681.00","","0.51%"
"07/17/2013","1,680.90","1,677.90","1,684.80","1,677.90","","0.27%"
"07/16/2013","1,676.30","1,682.70","1,683.70","1,671.80","","-0.37%"
"07/15/2013","1,682.50","1,679.60","1,684.50","1,677.90","","0.14%"
"07/12/2013","1,680.20","1,675.30","1,680.20","1,672.30","","0.31%"
"07/11/2013","1,675.00","1,657.40","1,676.60","1,657.40","","1.36%"
"07/10/2013","1,652.60","1,651.60","1,657.90","1,647.70","","0.02%"
"07/09/2013","1,652.30","1,642.90","1,654.20","1,642.90","","0.72%"
"07/08/2013","1,640.50","1,634.20","1,644.70","1,634.20","","0.53%"
"07/05/2013","1,631.90","1,618.70","1,632.10","1,614.70","","1.02%"
"07/03/2013","1,615.40","1,611.50","1,619.00","1,604.60","","0.08%"
"07/02/2013","1,614.10","1,614.30","1,624.30","1,606.80","","-0.06%"
"07/01/2013","1,615.00","1,609.80","1,626.60","1,609.80","","0.54%"
"06/28/2013","1,606.30","1,611.10","1,615.90","1,601.10","","-0.43%"
"06/27/2013","1,613.20","1,606.40","1,620.10","1,606.40","","0.62%"
"06/26/2013","1,603.30","1,592.30","1,606.80","1,592.30","","0.96%"
"06/25/2013","1,588.00","1,577.50","1,593.80","1,577.10","","0.95%"
"06/24/2013","1,573.10","1,588.80","1,588.80","1,560.30","","-1.21%"
"06/21/2013","1,592.40","1,588.60","1,599.20","1,577.70","","0.26%"
"06/20/2013","1,588.20","1,624.60","1,624.60","1,584.30","","-2.50%"
"06/19/2013","1,628.90","1,651.80","1,652.50","1,628.90","","-1.39%"
"06/18/2013","1,651.80","1,639.80","1,654.20","1,639.80","","0.78%"
"06/17/2013","1,639.00","1,630.60","1,646.50","1,630.30","","0.76%"
"06/14/2013","1,626.70","1,635.50","1,640.80","1,624.00","","-0.59%"
"06/13/2013","1,636.40","1,612.20","1,639.20","1,608.10","","1.48%"
"06/12/2013","1,612.50","1,629.90","1,637.70","1,610.90","","-0.84%"
"06/11/2013","1,626.10","1,638.60","1,640.10","1,622.90","","-1.02%"
"06/10/2013","1,642.80","1,644.70","1,648.70","1,639.30","","-0.04%"
"06/07/2013","1,643.40","1,625.30","1,644.40","1,625.30","","1.28%"
"06/06/2013","1,622.60","1,609.30","1,622.60","1,598.20","","0.85%"
"06/05/2013","1,608.90","1,629.00","1,629.30","1,607.10","","-1.38%"
"06/04/2013","1,631.40","1,640.70","1,646.50","1,623.60","","-0.55%"
"06/03/2013","1,640.40","1,631.70","1,640.40","1,622.70","","0.59%"
"05/31/2013","1,630.70","1,652.10","1,659.00","1,630.70","","-1.43%"
"05/30/2013","1,654.40","1,649.10","1,661.90","1,648.60","","0.36%"
"05/29/2013","1,648.40","1,656.60","1,656.60","1,640.00","","-0.70%"
"05/28/2013","1,660.10","1,652.60","1,674.20","1,652.60","","0.64%"
"05/24/2013","1,649.60","1,646.70","1,649.80","1,636.90","","-0.05%"
"05/23/2013","1,650.50","1,651.60","1,655.50","1,635.50","","-0.29%"
"05/22/2013","1,655.30","1,669.40","1,687.20","1,648.90","","-0.83%"
"05/21/2013","1,669.20","1,666.20","1,674.90","1,662.70","","0.17%"
"05/20/2013","1,666.30","1,665.70","1,672.80","1,663.50","","-0.07%"
"05/17/2013","1,667.50","1,652.50","1,667.50","1,652.50","","1.03%"
"05/16/2013","1,650.50","1,658.10","1,660.50","1,648.60","","-0.50%"
"05/15/2013","1,658.80","1,649.10","1,661.50","1,646.70","","0.52%"
"05/14/2013","1,650.30","1,633.80","1,651.10","1,633.80","","1.01%"
"05/13/2013","1,633.80","1,632.10","1,636.00","1,626.70","","0.01%"
"05/10/2013","1,633.70","1,626.70","1,633.70","1,623.70","","0.43%"
"05/09/2013","1,626.70","1,632.70","1,635.00","1,623.10","","-0.37%"
"05/08/2013","1,632.70","1,626.00","1,632.80","1,622.70","","0.41%"
"05/07/2013","1,626.00","1,617.50","1,626.00","1,616.60","","0.53%"
"05/06/2013","1,617.50","1,614.40","1,619.80","1,614.20","","0.19%"
"05/03/2013","1,614.40","1,597.60","1,618.50","1,597.60","","1.05%"
"05/02/2013","1,597.60","1,582.80","1,598.60","1,582.80","","0.94%"
"05/01/2013","1,582.70","1,597.50","1,597.50","1,581.30","","-0.93%"
"04/30/2013","1,597.60","1,593.60","1,597.60","1,586.50","","0.25%"
"04/29/2013","1,593.60","1,582.30","1,596.70","1,582.30","","0.72%"
"04/26/2013","1,582.20","1,585.20","1,585.80","1,577.60","","-0.19%"
"04/25/2013","1,585.20","1,578.90","1,592.60","1,578.90","","0.41%"
"04/24/2013","1,578.80","1,578.80","1,583.00","1,575.80","","0.00%"
"04/23/2013","1,578.80","1,562.50","1,579.60","1,562.50","","1.04%"
"04/22/2013","1,562.50","1,555.20","1,565.50","1,548.20","","0.47%"
"04/19/2013","1,555.20","1,541.60","1,555.90","1,539.40","","0.88%"
"04/18/2013","1,541.60","1,552.00","1,554.40","1,536.00","","-0.67%"
"04/17/2013","1,552.00","1,574.60","1,574.60","1,543.70","","-1.44%"
"04/16/2013","1,574.60","1,552.40","1,575.30","1,552.40","","1.43%"
"04/15/2013","1,552.40","1,588.80","1,588.80","1,552.30","","-2.29%"
"04/12/2013","1,588.80","1,593.30","1,593.30","1,580.00","","-0.29%"
"04/11/2013","1,593.40","1,587.70","1,597.30","1,586.20","","0.36%"
"04/10/2013","1,587.70","1,568.60","1,589.10","1,568.60","","1.22%"
"04/09/2013","1,568.60","1,563.10","1,573.90","1,560.90","","0.35%"
"04/08/2013","1,563.10","1,553.30","1,563.10","1,548.60","","0.63%"
"04/05/2013","1,553.30","1,560.00","1,560.00","1,539.50","","-0.43%"
"04/04/2013","1,560.00","1,553.70","1,562.60","1,552.50","","0.41%"
"04/03/2013","1,553.70","1,570.20","1,571.50","1,549.80","","-1.05%"
"04/02/2013","1,570.20","1,562.20","1,573.70","1,562.20","","0.51%"
"04/01/2013","1,562.20","1,569.20","1,570.60","1,558.50","","-0.45%"
"03/28/2013","1,569.20","1,562.90","1,570.30","1,561.10","","0.41%"
"03/27/2013","1,562.80","1,563.80","1,564.10","1,551.90","","-0.06%"
"03/26/2013","1,563.80","1,551.70","1,564.00","1,551.70","","0.78%"
"03/25/2013","1,551.70","1,556.90","1,564.90","1,546.20","","-0.33%"
"03/22/2013","1,556.90","1,545.90","1,557.70","1,545.90","","0.72%"
"03/21/2013","1,545.80","1,558.70","1,558.70","1,543.50","","-0.83%"
"03/20/2013","1,558.70","1,548.30","1,561.60","1,548.30","","0.67%"
"03/19/2013","1,548.30","1,552.10","1,557.20","1,538.60","","-0.24%"
"03/18/2013","1,552.10","1,560.70","1,560.70","1,545.10","","-0.55%"
"03/15/2013","1,560.70","1,563.20","1,563.60","1,555.70","","-0.16%"
"03/14/2013","1,563.20","1,554.50","1,563.30","1,554.50","","0.56%"
"03/13/2013","1,554.50","1,552.50","1,556.40","1,548.20","","0.13%"
"03/12/2013","1,552.50","1,556.20","1,556.80","1,548.20","","-0.24%"
"03/11/2013","1,556.20","1,551.20","1,556.30","1,547.40","","0.32%"
"03/08/2013","1,551.20","1,544.30","1,552.50","1,542.90","","0.45%"
"03/07/2013","1,544.30","1,541.50","1,545.80","1,541.50","","0.18%"
"03/06/2013","1,541.50","1,539.80","1,545.20","1,538.10","","0.11%"
"03/05/2013","1,539.80","1,525.20","1,543.50","1,525.20","","0.96%"
"03/04/2013","1,525.20","1,518.20","1,525.30","1,512.30","","0.46%"
"03/01/2013","1,518.20","1,514.70","1,520.00","1,501.50","","0.23%"
"02/28/2013","1,514.70","1,516.00","1,525.30","1,514.50","","-0.09%"
"02/27/2013","1,516.00","1,496.90","1,520.10","1,494.90","","1.28%"
"02/26/2013","1,496.90","1,487.80","1,499.00","1,485.00","","0.61%"
"02/25/2013","1,487.80","1,515.60","1,525.80","1,487.80","","-1.83%"
"02/22/2013","1,515.60","1,502.40","1,515.60","1,502.40","","0.88%"
"02/21/2013","1,502.40","1,512.00","1,512.00","1,497.30","","-0.63%"
"02/20/2013","1,512.00","1,530.90","1,530.90","1,511.40","","-1.23%"
"02/19/2013","1,530.90","1,519.80","1,530.90","1,519.80","","0.73%"
"02/15/2013","1,519.80","1,521.40","1,524.20","1,514.10","","-0.11%"
"02/14/2013","1,521.40","1,520.30","1,523.10","1,514.00","","0.07%"
"02/13/2013","1,520.30","1,519.40","1,524.70","1,515.90","","0.06%"
"02/12/2013","1,519.40","1,517.00","1,522.30","1,515.60","","0.16%"
"02/11/2013","1,517.00","1,517.90","1,518.30","1,513.60","","-0.06%"
"02/08/2013","1,517.90","1,509.40","1,518.30","1,509.40","","0.56%"